invoice_id,vendor,amount,status,approver
INV-2023,Lotus Packaging,912671.53,APPROVED,Finance Controller
INV-2025,XYZ Corp,929134.1,PENDING,Finance Controller
INV-2028,Horizon Foods,964380.72,APPROVED,Finance Controller
INV-2039,ABC Ltd,969012.0,PENDING,Finance Controller
INV-2040,Horizon Foods,902492.0,PENDING,Finance Controller
INV-2066,Bright Logistics,981159.11,REVIEW,Finance Controller
INV-2071,Bright Logistics,920810.47,PENDING,Finance Controller
INV-2094,Nova Inc,980731.62,REVIEW,Finance Controller
INV-2127,Kaveri Chemicals,990036.2,PENDING,Finance Controller
INV-2133,Nova Inc,908457.0,PENDING,Finance Controller
INV-2150,Jupiter Steel,980255.0,PENDING,Finance Controller
INV-2155,Delta Ltd,980784.0,PENDING,Finance Controller
INV-2157,Bright Logistics,980827.7,PENDING,Finance Controller
INV-2163,Apex Supplies,997427.21,PENDING,Finance Controller
INV-2169,Jupiter Steel,901258.82,PENDING,Finance Controller
INV-2172,Apex Supplies,992695.7,REVIEW,Finance Controller
INV-2177,XYZ Corp,909673.0,PENDING,Finance Controller
INV-2179,Jupiter Steel,967400.4,APPROVED,Finance Controller
INV-2190,XYZ Corp,980937.3,PENDING,Finance Controller
INV-2191,XYZ Corp,949036.3,PENDING,Finance Controller
INV-2192,Kaveri Chemicals,971108.0,PENDING,Finance Controller
INV-2200,ABC Ltd,998587.5,PENDING,Finance Controller
INV-2246,Bright Logistics,964427.82,PENDING,Finance Controller
INV-2247,Nova Inc,916788.1,PENDING,Finance Controller
INV-2249,Global Office Mart,997165.53,PENDING,Finance Controller
INV-2257,Bright Logistics,947156.6,APPROVED,Finance Controller
INV-2265,Apex Supplies,917437.5,APPROVED,Finance Controller
INV-2267,Lotus Packaging,940255.84,PENDING,Finance Controller
INV-2289,Horizon Foods,949492.0,PENDING,Finance Controller
INV-2292,Horizon Foods,913586.0,APPROVED,Finance Controller
INV-2293,Delta Ltd,996366.9,PENDING,Finance Controller
INV-2297,,985140.0,APPROVED,Finance Controller
INV-2302,Lotus Packaging,910757.0,PENDING,Finance Controller
INV-2309,Bright Logistics,956671.8,APPROVED,Finance Controller
INV-2312,Global Office Mart,988029.4,PENDING,Finance Controller
INV-2323,Lotus Packaging,938979.0,PENDING,Finance Controller
INV-2332,Kaveri Chemicals,948231.0,PENDING,Finance Controller
INV-2346,Lotus Packaging,977922.0,PENDING,Finance Controller
INV-2349,ABC Ltd,913273.0,APPROVED,Finance Controller
INV-2350,ABC Ltd,997173.2,PENDING,Finance Controller
INV-2357,,981694.3,REVIEW,Finance Controller
INV-2371,ABC Ltd,934616.0,PENDING,Finance Controller
INV-2385,Falcon Tech,941615.62,APPROVED,Finance Controller
INV-2394,Horizon Foods,915168.9,APPROVED,Finance Controller
INV-2408,XYZ Corp,918089.82,PENDING,Finance Controller
INV-2415,Bright Logistics,925622.02,PENDING,Finance Controller
INV-2416,ABC Ltd,961488.46,APPROVED,Finance Controller
INV-2417,Horizon Foods,928910.5,PENDING,Finance Controller
INV-2419,Indigo Print Works,988483.72,PENDING,Finance Controller
INV-2429,Lotus Packaging,905255.0,PENDING,Finance Controller
INV-2433,ABC Ltd,948849.1,APPROVED,Finance Controller
INV-2438,Kaveri Chemicals,997266.0,REVIEW,Finance Controller
INV-2452,Nova Inc,929957.49,PENDING,Finance Controller
INV-2458,Lotus Packaging,965933.4,PENDING,Finance Controller
INV-2460,Apex Supplies,918723.24,PENDING,Finance Controller
INV-2476,Lotus Packaging,985495.56,PENDING,Finance Controller
INV-2477,Horizon Foods,918809.3,APPROVED,Finance Controller
INV-2481,Jupiter Steel,950279.0,APPROVED,Finance Controller
INV-2492,XYZ Corp,988160.8,PENDING,Finance Controller
INV-2496,Nova Inc,919934.18,,Finance Controller
INV-2528,Jupiter Steel,961204.0,PENDING,Finance Controller
INV-2533,XYZ Corp,943583.0,PENDING,Finance Controller
INV-2544,Nova Inc,924169.7,PENDING,Finance Controller
INV-2550,Falcon Tech,912720.68,PENDING,Finance Controller
INV-2561,Falcon Tech,960578.5,PENDING,Finance Controller
INV-2565,Global Office Mart,948723.8,PENDING,Finance Controller
INV-2566,Indigo Print Works,967548.0,REVIEW,Finance Controller
INV-2586,Horizon Foods,965644.89,PENDING,Finance Controller
INV-2589,Nova Inc,949087.0,APPROVED,Finance Controller
INV-2618,Global Office Mart,952211.7,PENDING,Finance Controller
INV-2631,Bright Logistics,986647.1,PENDING,Finance Controller
INV-2643,,994682.89,PENDING,Finance Controller
INV-2661,Global Office Mart,973458.0,REVIEW,Finance Controller
INV-2680,Nova Inc,963873.0,PENDING,Finance Controller
INV-2683,Kaveri Chemicals,915952.0,PENDING,Finance Controller
INV-2687,Nova Inc,981344.83,PENDING,Finance Controller
INV-2706,Jupiter Steel,996632.77,PENDING,Finance Controller
INV-2707,Delta Ltd,904544.21,REVIEW,Finance Controller
INV-2709,ABC Ltd,911380.3,PENDING,Finance Controller
INV-2724,Lotus Packaging,947005.9,APPROVED,Finance Controller
INV-2756,Apex Supplies,947280.0,PENDING,Finance Controller
INV-2797,Lotus Packaging,958014.1,PENDING,Finance Controller
INV-2800,Jupiter Steel,939685.0,PENDING,Finance Controller
INV-2834,Indigo Print Works,909999.43,PENDING,Finance Controller
INV-2845,Apex Supplies,936247.0,APPROVED,Finance Controller
INV-2865,ABC Ltd,930246.0,REVIEW,Finance Controller
INV-2877,ABC Ltd,982964.99,PENDING,Finance Controller
INV-2905,Delta Ltd,979802.95,REVIEW,Finance Controller
INV-2910,ABC Ltd,944164.6,PENDING,Finance Controller
INV-2913,Apex Supplies,909780.5,PENDING,Finance Controller
INV-2918,Horizon Foods,961215.6,APPROVED,Finance Controller
INV-2919,Bright Logistics,933283.4,APPROVED,Finance Controller
INV-2924,Indigo Print Works,968830.7,PENDING,Finance Controller
INV-2948,Falcon Tech,931514.0,PENDING,Finance Controller
INV-2952,Indigo Print Works,986285.3,PENDING,Finance Controller
INV-2960,Kaveri Chemicals,960133.0,PENDING,Finance Controller
INV-2970,Delta Ltd,913397.2,APPROVED,Finance Controller
INV-2994,Global Office Mart,930897.83,PENDING,Finance Controller
INV-3000,Global Office Mart,982589.0,PENDING,Finance Controller
INV-3022,Nova Inc,910176.42,PENDING,Finance Controller
INV-3028,Indigo Print Works,922498.0,PENDING,Finance Controller
INV-3031,Falcon Tech,956205.6,PENDING,Finance Controller
INV-3037,Delta Ltd,950513.71,APPROVED,Finance Controller
INV-3053,ABC Ltd,967529.2,PENDING,Finance Controller
INV-3059,Jupiter Steel,940119.74,APPROVED,Finance Controller
INV-3073,,950322.92,PENDING,Finance Controller
INV-3108,Indigo Print Works,978095.0,APPROVED,Finance Controller
INV-3111,Lotus Packaging,952129.0,PENDING,Finance Controller
INV-3117,Kaveri Chemicals,924169.57,PENDING,Finance Controller
INV-3122,Nova Inc,947815.2,PENDING,Finance Controller
INV-3124,Indigo Print Works,980699.43,APPROVED,Finance Controller
INV-3129,Bright Logistics,957644.89,PENDING,Finance Controller
INV-3140,Apex Supplies,956048.58,PENDING,Finance Controller
INV-3142,Jupiter Steel,994336.0,PENDING,Finance Controller
INV-3150,Falcon Tech,920947.0,PENDING,Finance Controller
INV-3169,Bright Logistics,976191.0,PENDING,Finance Controller
INV-3171,ABC Ltd,998724.0,PENDING,Finance Controller
INV-3178,Bright Logistics,942432.0,APPROVED,Finance Controller
INV-3195,ABC Ltd,985771.9,PENDING,Finance Controller
INV-3204,Global Office Mart,938133.9,REVIEW,Finance Controller
INV-3215,Lotus Packaging,932968.98,PENDING,Finance Controller
INV-3218,Delta Ltd,969938.5,PENDING,Finance Controller
INV-3223,Bright Logistics,958504.4,PENDING,Finance Controller
INV-3227,Indigo Print Works,940525.2,REVIEW,Finance Controller
INV-3233,Indigo Print Works,939448.5,APPROVED,Finance Controller
INV-3240,Delta Ltd,946079.3,APPROVED,Finance Controller
INV-3247,Jupiter Steel,908272.42,PENDING,Finance Controller
INV-3251,ABC Ltd,978527.3,APPROVED,Finance Controller
INV-3252,Apex Supplies,902841.3,PENDING,Finance Controller
INV-3309,Jupiter Steel,962666.0,APPROVED,Finance Controller
INV-3311,Delta Ltd,911030.0,APPROVED,Finance Controller
INV-3323,Apex Supplies,900258.42,APPROVED,Finance Controller
INV-3344,ABC Ltd,936852.2,PENDING,Finance Controller
INV-3362,Horizon Foods,949382.4,PENDING,Finance Controller
INV-3364,Lotus Packaging,963492.95,PENDING,Finance Controller
INV-3380,Global Office Mart,983804.0,PENDING,Finance Controller
INV-3383,Jupiter Steel,967313.0,PENDING,Finance Controller
INV-3390,Bright Logistics,943103.0,PENDING,Finance Controller
INV-3397,Bright Logistics,935093.3,PENDING,Finance Controller
INV-3400,ABC Ltd,916756.0,APPROVED,Finance Controller
INV-3442,Nova Inc,998405.9,PENDING,Finance Controller
INV-3469,XYZ Corp,995319.0,PENDING,Finance Controller
INV-3480,,908802.0,PENDING,Finance Controller
INV-3484,Delta Ltd,934360.2,PENDING,Finance Controller
INV-3489,Falcon Tech,981425.19,PENDING,Finance Controller
INV-3498,ABC Ltd,906678.74,APPROVED,Finance Controller
INV-3522,Delta Ltd,930051.9,PENDING,Finance Controller
INV-3537,ABC Ltd,986188.3,PENDING,Finance Controller
INV-3540,Jupiter Steel,986878.03,APPROVED,Finance Controller
INV-3545,Falcon Tech,902697.2,APPROVED,Finance Controller
INV-3547,Delta Ltd,931814.07,PENDING,Finance Controller
INV-3560,Nova Inc,991067.68,PENDING,Finance Controller
INV-3562,Global Office Mart,923102.25,PENDING,Finance Controller
INV-3567,Nova Inc,926022.0,REVIEW,Finance Controller
INV-3582,Falcon Tech,966293.0,REVIEW,Finance Controller
INV-3586,Delta Ltd,957444.22,PENDING,Finance Controller
INV-3623,Bright Logistics,982937.0,PENDING,Finance Controller
INV-3632,Delta Ltd,929133.8,PENDING,Finance Controller
INV-3648,ABC Ltd,955825.0,APPROVED,Finance Controller
INV-3666,Jupiter Steel,909176.5,APPROVED,Finance Controller
INV-3681,Falcon Tech,932915.39,APPROVED,Finance Controller
INV-3700,Bright Logistics,948267.8,REVIEW,Finance Controller
INV-3703,Global Office Mart,975999.4,APPROVED,Finance Controller
INV-3710,Apex Supplies,958759.65,PENDING,Finance Controller
INV-3711,Falcon Tech,973863.82,PENDING,Finance Controller
INV-3734,ABC Ltd,987816.8,REVIEW,Finance Controller
INV-3735,,978572.0,PENDING,Finance Controller
INV-3747,Delta Ltd,952400.69,PENDING,Finance Controller
INV-3754,Kaveri Chemicals,927265.0,PENDING,Finance Controller
INV-3792,Kaveri Chemicals,946297.93,PENDING,Finance Controller
INV-3800,Global Office Mart,983974.9,APPROVED,Finance Controller
INV-3829,,962261.91,PENDING,Finance Controller
INV-3842,Horizon Foods,945293.9,PENDING,Finance Controller
INV-3850,Nova Inc,995916.0,,Finance Controller
INV-3888,ABC Ltd,923589.1,PENDING,Finance Controller
INV-3899,Nova Inc,968131.0,APPROVED,Finance Controller
INV-3920,Global Office Mart,950588.2,PENDING,Finance Controller
INV-3927,ABC Ltd,910099.0,APPROVED,Finance Controller
INV-3933,XYZ Corp,998806.69,PENDING,Finance Controller
INV-3942,ABC Ltd,951727.9,PENDING,Finance Controller
INV-3948,Nova Inc,911917.0,PENDING,Finance Controller
INV-3951,XYZ Corp,955202.0,PENDING,Finance Controller
INV-3963,Lotus Packaging,918663.7,PENDING,Finance Controller
INV-3966,Jupiter Steel,910718.89,APPROVED,Finance Controller
INV-3990,Bright Logistics,954358.1,APPROVED,Finance Controller
INV-4000,XYZ Corp,947903.86,PENDING,Finance Controller
INV-4005,Delta Ltd,940044.0,APPROVED,Finance Controller
INV-4040,Delta Ltd,989093.0,PENDING,Finance Controller
INV-4063,XYZ Corp,918052.0,PENDING,Finance Controller
INV-4065,Global Office Mart,943265.7,APPROVED,Finance Controller
INV-4077,Nova Inc,913192.2,PENDING,Finance Controller
INV-4081,Indigo Print Works,934787.07,PENDING,Finance Controller
INV-4083,Kaveri Chemicals,965252.99,REVIEW,Finance Controller
INV-4103,Lotus Packaging,971784.0,REVIEW,Finance Controller
INV-4118,Indigo Print Works,935510.5,PENDING,Finance Controller
INV-4121,,975909.7,PENDING,Finance Controller
INV-4131,Kaveri Chemicals,948845.0,PENDING,Finance Controller
INV-4213,Bright Logistics,992953.0,APPROVED,Finance Controller
INV-4253,Lotus Packaging,923923.7,PENDING,Finance Controller
INV-4258,XYZ Corp,966309.41,PENDING,Finance Controller
INV-4299,Apex Supplies,908875.91,APPROVED,Finance Controller
INV-4305,Global Office Mart,983271.0,PENDING,Finance Controller
INV-4320,Lotus Packaging,946295.0,APPROVED,Finance Controller
INV-4330,ABC Ltd,963617.96,PENDING,Finance Controller
INV-4338,Jupiter Steel,928642.17,APPROVED,Finance Controller
INV-4354,Falcon Tech,984409.8,PENDING,Finance Controller
INV-4357,Global Office Mart,913779.3,PENDING,Finance Controller
INV-4379,Jupiter Steel,919467.0,PENDING,Finance Controller
INV-4397,Kaveri Chemicals,909290.98,PENDING,Finance Controller
INV-4401,Nova Inc,909230.0,PENDING,Finance Controller
INV-4404,Falcon Tech,987821.4,PENDING,Finance Controller
INV-4408,Horizon Foods,991706.0,PENDING,Finance Controller
INV-4409,Lotus Packaging,904328.0,PENDING,Finance Controller
INV-4446,Lotus Packaging,943366.0,PENDING,Finance Controller
INV-4451,Bright Logistics,915780.0,PENDING,Finance Controller
INV-4465,XYZ Corp,936934.5,PENDING,Finance Controller
INV-4482,ABC Ltd,915243.06,PENDING,Finance Controller
INV-4492,Indigo Print Works,986788.0,PENDING,Finance Controller
INV-4495,Delta Ltd,970954.73,PENDING,Finance Controller
INV-4497,Indigo Print Works,914609.0,APPROVED,Finance Controller
INV-4504,ABC Ltd,995840.0,PENDING,Finance Controller
INV-4514,XYZ Corp,990508.68,PENDING,Finance Controller
INV-4515,Apex Supplies,934538.01,APPROVED,Finance Controller
INV-4517,Lotus Packaging,936959.6,PENDING,Finance Controller
INV-4528,Falcon Tech,949147.75,REVIEW,Finance Controller
INV-4564,Jupiter Steel,975239.04,PENDING,Finance Controller
INV-4574,Lotus Packaging,983876.0,PENDING,Finance Controller
INV-4582,Apex Supplies,927887.6,PENDING,Finance Controller
INV-4586,Nova Inc,917666.7,PENDING,Finance Controller
INV-4616,Kaveri Chemicals,994717.2,PENDING,Finance Controller
INV-4620,Delta Ltd,903711.8,PENDING,Finance Controller
INV-4625,Apex Supplies,922024.0,REVIEW,Finance Controller
INV-4638,Global Office Mart,979468.4,PENDING,Finance Controller
INV-4661,Falcon Tech,951728.7,PENDING,Finance Controller
INV-4666,XYZ Corp,929908.33,REVIEW,Finance Controller
INV-4669,Bright Logistics,966569.25,PENDING,Finance Controller
INV-4670,Global Office Mart,966713.8,REVIEW,Finance Controller
INV-4673,Apex Supplies,907353.24,PENDING,Finance Controller
INV-4681,Delta Ltd,923127.97,PENDING,Finance Controller
INV-4686,Jupiter Steel,988874.0,APPROVED,Finance Controller
INV-4689,Nova Inc,931116.44,PENDING,Finance Controller
INV-4691,Indigo Print Works,931775.6,PENDING,Finance Controller
INV-4693,Indigo Print Works,944392.0,APPROVED,Finance Controller
INV-4702,Bright Logistics,933829.3,PENDING,Finance Controller
INV-4703,Delta Ltd,900021.0,PENDING,Finance Controller
INV-4704,ABC Ltd,987668.6,PENDING,Finance Controller
INV-4709,ABC Ltd,939079.09,PENDING,Finance Controller
INV-4721,,918204.07,PENDING,Finance Controller
INV-4728,ABC Ltd,977826.9,APPROVED,Finance Controller
INV-4731,Nova Inc,965237.3,PENDING,Finance Controller
INV-4743,Bright Logistics,934009.0,APPROVED,Finance Controller
INV-4745,Kaveri Chemicals,957176.0,APPROVED,Finance Controller
INV-4788,Indigo Print Works,914301.88,APPROVED,Finance Controller
INV-4800,Lotus Packaging,915277.31,PENDING,Finance Controller
INV-4814,Global Office Mart,972489.9,PENDING,Finance Controller
INV-4816,Delta Ltd,969747.0,APPROVED,Finance Controller
INV-4832,Indigo Print Works,996934.0,APPROVED,Finance Controller
INV-4837,Jupiter Steel,935624.5,REVIEW,Finance Controller
INV-4839,ABC Ltd,943876.0,PENDING,Finance Controller
INV-4841,Falcon Tech,940339.0,REVIEW,Finance Controller
INV-4847,Bright Logistics,912767.91,PENDING,Finance Controller
INV-4851,Global Office Mart,995365.8,PENDING,Finance Controller
INV-4885,Horizon Foods,936606.19,PENDING,Finance Controller
INV-4887,Global Office Mart,930646.0,REVIEW,Finance Controller
INV-4891,Kaveri Chemicals,976444.9,PENDING,Finance Controller
INV-4899,Lotus Packaging,930620.2,PENDING,Finance Controller
INV-4920,Indigo Print Works,972124.0,REVIEW,Finance Controller
INV-4930,Nova Inc,934263.7,PENDING,Finance Controller
INV-4936,Horizon Foods,946092.0,PENDING,Finance Controller
INV-4957,,910532.0,REVIEW,Finance Controller
INV-4976,Jupiter Steel,960370.41,PENDING,Finance Controller
INV-4978,Nova Inc,956713.0,PENDING,Finance Controller
INV-4979,Kaveri Chemicals,909687.0,APPROVED,Finance Controller
INV-4996,Delta Ltd,922583.39,APPROVED,Finance Controller
INV-5004,Global Office Mart,960133.9,APPROVED,Finance Controller
INV-5018,Horizon Foods,935201.27,PENDING,Finance Controller
INV-5027,Horizon Foods,956610.77,PENDING,Finance Controller
INV-5038,Lotus Packaging,953910.6,PENDING,Finance Controller
INV-5042,Delta Ltd,999759.0,PENDING,Finance Controller
INV-5043,Jupiter Steel,922008.3,PENDING,Finance Controller
INV-5046,Apex Supplies,965098.41,APPROVED,Finance Controller
INV-5052,Jupiter Steel,929296.4,PENDING,Finance Controller
INV-5057,Global Office Mart,967057.35,PENDING,Finance Controller
INV-5064,XYZ Corp,976023.0,REVIEW,Finance Controller
INV-5065,XYZ Corp,970523.0,PENDING,Finance Controller
INV-5077,Indigo Print Works,931044.66,PENDING,Finance Controller
INV-5078,Kaveri Chemicals,926263.98,APPROVED,Finance Controller
INV-5089,ABC Ltd,918391.5,PENDING,Finance Controller
INV-5110,Horizon Foods,998640.69,APPROVED,Finance Controller
INV-5123,Horizon Foods,993377.0,PENDING,Finance Controller
INV-5150,Indigo Print Works,910393.13,PENDING,Finance Controller
INV-5156,Global Office Mart,986502.43,APPROVED,Finance Controller
INV-5157,Nova Inc,904606.28,PENDING,Finance Controller
INV-5170,,994587.8,REVIEW,Finance Controller
INV-5172,ABC Ltd,902988.0,PENDING,Finance Controller
INV-5175,Delta Ltd,986788.0,PENDING,Finance Controller
INV-5183,ABC Ltd,943296.0,APPROVED,Finance Controller
INV-5196,ABC Ltd,938128.0,PENDING,Finance Controller
INV-5203,Falcon Tech,942999.66,PENDING,Finance Controller
INV-5213,Lotus Packaging,925732.6,APPROVED,Finance Controller
INV-5218,Apex Supplies,979024.1,APPROVED,Finance Controller
INV-5221,Indigo Print Works,907799.9,REVIEW,Finance Controller
INV-5227,XYZ Corp,996783.0,PENDING,Finance Controller
INV-5234,Global Office Mart,930536.2,PENDING,Finance Controller
INV-5246,Horizon Foods,942933.14,PENDING,Finance Controller
INV-5257,Lotus Packaging,913567.73,PENDING,Finance Controller
INV-5262,Delta Ltd,953275.0,PENDING,Finance Controller
INV-5274,Kaveri Chemicals,942633.54,APPROVED,Finance Controller
INV-5279,Jupiter Steel,987409.28,APPROVED,Finance Controller
INV-5303,Nova Inc,919675.34,REVIEW,Finance Controller
INV-5307,Apex Supplies,907486.15,PENDING,Finance Controller
INV-5309,Global Office Mart,965710.9,REVIEW,Finance Controller
INV-5311,Delta Ltd,949389.0,PENDING,Finance Controller
INV-5315,Indigo Print Works,990369.21,REVIEW,Finance Controller
INV-5318,Delta Ltd,905992.0,PENDING,Finance Controller
INV-5329,Falcon Tech,919793.0,PENDING,Finance Controller
INV-5333,Bright Logistics,964890.99,PENDING,Finance Controller
INV-5341,Delta Ltd,967675.72,APPROVED,Finance Controller
INV-5352,Lotus Packaging,976135.0,PENDING,Finance Controller
INV-5359,Nova Inc,952307.9,PENDING,Finance Controller
INV-5366,Lotus Packaging,949803.0,PENDING,Finance Controller
INV-5373,Kaveri Chemicals,933379.0,PENDING,Finance Controller
INV-5378,Horizon Foods,905983.97,PENDING,Finance Controller
INV-5391,Jupiter Steel,923396.0,APPROVED,Finance Controller
INV-5408,ABC Ltd,997707.51,PENDING,Finance Controller
INV-5429,Kaveri Chemicals,944347.9,PENDING,Finance Controller
INV-5445,Nova Inc,925696.0,PENDING,Finance Controller
INV-5448,Indigo Print Works,955807.52,PENDING,Finance Controller
INV-5455,Kaveri Chemicals,971638.6,PENDING,Finance Controller
INV-5457,Jupiter Steel,945373.77,PENDING,Finance Controller
INV-5460,Delta Ltd,908817.24,PENDING,Finance Controller
INV-5461,Delta Ltd,976173.9,PENDING,Finance Controller
INV-5491,Indigo Print Works,972594.0,REVIEW,Finance Controller
INV-5500,Nova Inc,924942.38,PENDING,Finance Controller
INV-5510,Global Office Mart,941004.0,REVIEW,Finance Controller
INV-5541,Jupiter Steel,978758.54,PENDING,Finance Controller
INV-5551,,931904.2,PENDING,Finance Controller
INV-5557,XYZ Corp,930553.0,PENDING,Finance Controller
INV-5571,Kaveri Chemicals,980412.8,PENDING,Finance Controller
INV-5595,Lotus Packaging,994916.38,PENDING,Finance Controller
INV-5611,Nova Inc,915055.0,PENDING,Finance Controller
INV-5622,Kaveri Chemicals,999176.4,PENDING,Finance Controller
INV-5624,Falcon Tech,963353.0,PENDING,Finance Controller
INV-5631,Indigo Print Works,960936.0,APPROVED,Finance Controller
INV-5649,,991859.9,PENDING,Finance Controller
INV-5674,Kaveri Chemicals,922226.0,APPROVED,Finance Controller
INV-5675,Horizon Foods,993371.04,APPROVED,Finance Controller
INV-5695,XYZ Corp,942831.35,PENDING,Finance Controller
INV-5709,Indigo Print Works,912786.34,PENDING,Finance Controller
INV-5753,Falcon Tech,921303.87,PENDING,Finance Controller
INV-5781,Jupiter Steel,907653.6,PENDING,Finance Controller
INV-5794,Apex Supplies,997033.2,PENDING,Finance Controller
INV-5814,Horizon Foods,994904.35,PENDING,Finance Controller
INV-5817,ABC Ltd,921630.0,REVIEW,Finance Controller
INV-5831,Jupiter Steel,993720.4,PENDING,Finance Controller
INV-5838,Delta Ltd,989315.9,APPROVED,Finance Controller
INV-5865,Kaveri Chemicals,942785.0,PENDING,Finance Controller
INV-5866,Apex Supplies,960055.0,APPROVED,Finance Controller
INV-5883,XYZ Corp,949663.0,APPROVED,Finance Controller
INV-5884,Horizon Foods,965108.0,PENDING,Finance Controller
INV-5902,Indigo Print Works,997435.0,APPROVED,Finance Controller
INV-5914,Indigo Print Works,901378.0,PENDING,Finance Controller
INV-5916,Jupiter Steel,924541.0,PENDING,Finance Controller
INV-5933,Lotus Packaging,930523.5,PENDING,Finance Controller
INV-5934,Falcon Tech,965793.0,PENDING,Finance Controller
INV-5941,Nova Inc,958610.7,PENDING,Finance Controller
INV-5964,Nova Inc,956846.0,PENDING,Finance Controller
INV-5975,Bright Logistics,905127.0,REVIEW,Finance Controller
INV-5984,Nova Inc,991046.6,PENDING,Finance Controller
INV-5991,Kaveri Chemicals,969636.18,PENDING,Finance Controller
INV-5997,,978182.0,APPROVED,Finance Controller
INV-6010,Indigo Print Works,975001.0,PENDING,Finance Controller
INV-6012,Delta Ltd,971615.0,PENDING,Finance Controller
INV-6018,Apex Supplies,984720.0,PENDING,Finance Controller
INV-6032,Apex Supplies,994197.9,PENDING,Finance Controller
INV-6033,Kaveri Chemicals,905031.34,PENDING,Finance Controller
INV-6051,Jupiter Steel,934477.54,PENDING,Finance Controller
INV-6091,Nova Inc,913654.2,PENDING,Finance Controller
INV-6103,Lotus Packaging,925348.84,APPROVED,Finance Controller
INV-6124,Horizon Foods,951107.7,PENDING,Finance Controller
INV-6157,Bright Logistics,966623.12,PENDING,Finance Controller
INV-6158,Lotus Packaging,923361.0,PENDING,Finance Controller
INV-6164,Indigo Print Works,978504.6,APPROVED,Finance Controller
INV-6172,Nova Inc,959505.08,PENDING,Finance Controller
INV-6180,Bright Logistics,929732.1,PENDING,Finance Controller
INV-6189,Jupiter Steel,950998.34,APPROVED,Finance Controller
INV-6212,Bright Logistics,996922.0,APPROVED,Finance Controller
INV-6217,Indigo Print Works,950155.0,APPROVED,Finance Controller
INV-6229,Indigo Print Works,919286.56,PENDING,Finance Controller
INV-6249,Falcon Tech,915555.0,PENDING,Finance Controller
INV-6267,Horizon Foods,960461.0,APPROVED,Finance Controller
INV-6268,Kaveri Chemicals,916164.3,PENDING,Finance Controller
INV-6270,Indigo Print Works,992433.2,PENDING,Finance Controller
INV-6275,Global Office Mart,934045.0,PENDING,Finance Controller
INV-6284,Jupiter Steel,958946.39,PENDING,Finance Controller
INV-6305,Global Office Mart,964833.97,PENDING,Finance Controller
INV-6307,Nova Inc,996415.0,PENDING,Finance Controller
INV-6318,Kaveri Chemicals,970640.49,PENDING,Finance Controller
INV-6333,Bright Logistics,921021.0,PENDING,Finance Controller
INV-6345,,927682.0,REVIEW,Finance Controller
INV-6349,Global Office Mart,943251.0,PENDING,Finance Controller
INV-6357,Falcon Tech,957842.7,PENDING,Finance Controller
INV-6372,Kaveri Chemicals,928202.5,APPROVED,Finance Controller
INV-6376,Lotus Packaging,921662.0,PENDING,Finance Controller
INV-6380,Lotus Packaging,927647.0,PENDING,Finance Controller
INV-6390,Falcon Tech,969842.5,APPROVED,Finance Controller
INV-6405,Delta Ltd,911659.0,PENDING,Finance Controller
INV-6412,Delta Ltd,919390.0,PENDING,Finance Controller
INV-6416,Indigo Print Works,909632.4,PENDING,Finance Controller
INV-6437,Indigo Print Works,964707.32,PENDING,Finance Controller
INV-6439,Nova Inc,938535.53,PENDING,Finance Controller
INV-6444,XYZ Corp,908143.0,PENDING,Finance Controller
INV-6485,Apex Supplies,945003.94,PENDING,Finance Controller
INV-6514,Nova Inc,985052.78,PENDING,Finance Controller
INV-6516,Falcon Tech,911405.0,REVIEW,Finance Controller
INV-6528,Horizon Foods,989515.7,PENDING,Finance Controller
INV-6560,Lotus Packaging,901141.6,PENDING,Finance Controller
INV-6587,,975718.99,PENDING,Finance Controller
INV-6588,Kaveri Chemicals,932942.9,PENDING,Finance Controller
INV-6590,Jupiter Steel,941054.4,PENDING,Finance Controller
INV-6593,Nova Inc,952292.0,APPROVED,Finance Controller
INV-6594,Lotus Packaging,919797.95,PENDING,Finance Controller
INV-6602,Bright Logistics,981331.7,PENDING,Finance Controller
INV-6637,Horizon Foods,923704.8,REVIEW,Finance Controller
INV-6640,Bright Logistics,927665.5,REVIEW,Finance Controller
INV-6650,Global Office Mart,987837.33,PENDING,Finance Controller
INV-6678,Nova Inc,904651.0,APPROVED,Finance Controller
INV-6689,Apex Supplies,974633.66,PENDING,Finance Controller
INV-6701,Lotus Packaging,909344.0,APPROVED,Finance Controller
INV-6716,Bright Logistics,903468.4,PENDING,Finance Controller
INV-6722,Delta Ltd,934594.2,PENDING,Finance Controller
INV-6729,Horizon Foods,943710.95,PENDING,Finance Controller
INV-6753,Lotus Packaging,914872.7,APPROVED,Finance Controller
INV-6754,Jupiter Steel,966205.4,PENDING,Finance Controller
INV-6765,Nova Inc,913831.2,REVIEW,Finance Controller
INV-6778,Horizon Foods,908314.0,PENDING,Finance Controller
INV-6790,Delta Ltd,950890.83,PENDING,Finance Controller
INV-6793,XYZ Corp,916715.39,PENDING,Finance Controller
INV-6809,Kaveri Chemicals,917402.0,PENDING,Finance Controller
INV-6825,Kaveri Chemicals,966056.0,,Finance Controller
INV-6826,Lotus Packaging,972066.33,PENDING,Finance Controller
INV-6832,,992294.02,PENDING,Finance Controller
INV-6836,Indigo Print Works,990333.3,PENDING,Finance Controller
INV-6846,Bright Logistics,942150.7,REVIEW,Finance Controller
INV-6848,Jupiter Steel,973579.23,PENDING,Finance Controller
INV-6857,Delta Ltd,935398.0,PENDING,Finance Controller
INV-6864,Lotus Packaging,970842.9,APPROVED,Finance Controller
INV-6867,XYZ Corp,928579.6,PENDING,Finance Controller
INV-6898,Falcon Tech,966754.8,APPROVED,Finance Controller
INV-6910,ABC Ltd,940147.2,PENDING,Finance Controller
INV-6914,Falcon Tech,998215.3,REVIEW,Finance Controller
INV-6921,XYZ Corp,950718.7,PENDING,Finance Controller
INV-6930,Indigo Print Works,978460.7,PENDING,Finance Controller
INV-6956,Falcon Tech,952624.3,PENDING,Finance Controller
INV-6993,ABC Ltd,946379.0,PENDING,Finance Controller
INV-6995,Bright Logistics,916328.5,PENDING,Finance Controller
INV-7004,Apex Supplies,904562.01,PENDING,Finance Controller
INV-7008,XYZ Corp,917095.0,PENDING,Finance Controller
INV-7016,Nova Inc,939027.0,APPROVED,Finance Controller
INV-7034,Falcon Tech,914528.0,PENDING,Finance Controller
INV-7037,Indigo Print Works,963191.0,PENDING,Finance Controller
INV-7039,Lotus Packaging,925713.0,PENDING,Finance Controller
INV-7040,Indigo Print Works,914976.27,PENDING,Finance Controller
INV-7053,Bright Logistics,974555.0,PENDING,Finance Controller
INV-7069,Apex Supplies,946116.0,PENDING,Finance Controller
INV-7086,Indigo Print Works,974119.45,PENDING,Finance Controller
INV-7101,ABC Ltd,993014.66,PENDING,Finance Controller
INV-7104,Bright Logistics,983524.0,PENDING,Finance Controller
INV-7107,Jupiter Steel,952323.84,PENDING,Finance Controller
INV-7120,Falcon Tech,955327.3,PENDING,Finance Controller
INV-7150,XYZ Corp,943896.28,PENDING,Finance Controller
INV-7151,Falcon Tech,921669.01,PENDING,Finance Controller
INV-7162,Delta Ltd,940333.02,PENDING,Finance Controller
INV-7170,Jupiter Steel,949709.0,PENDING,Finance Controller
INV-7176,Global Office Mart,925655.0,PENDING,Finance Controller
INV-7181,XYZ Corp,994452.0,APPROVED,Finance Controller
INV-7192,,977191.72,PENDING,Finance Controller
INV-7199,Apex Supplies,967958.89,,Finance Controller
INV-7204,Jupiter Steel,948713.0,APPROVED,Finance Controller
INV-7224,Horizon Foods,953739.2,PENDING,Finance Controller
INV-7225,Global Office Mart,966642.4,PENDING,Finance Controller
INV-7228,Jupiter Steel,970186.25,PENDING,Finance Controller
INV-7236,Apex Supplies,994229.18,PENDING,Finance Controller
INV-7254,XYZ Corp,942895.9,PENDING,Finance Controller
INV-7257,Kaveri Chemicals,945398.16,PENDING,Finance Controller
INV-7259,Kaveri Chemicals,964341.6,PENDING,Finance Controller
INV-7262,Delta Ltd,984114.04,PENDING,Finance Controller
INV-7269,Indigo Print Works,902458.34,APPROVED,Finance Controller
INV-7272,Falcon Tech,957299.7,PENDING,Finance Controller
INV-7275,Jupiter Steel,989444.29,PENDING,Finance Controller
INV-7290,Global Office Mart,909413.02,PENDING,Finance Controller
INV-7292,Bright Logistics,900704.73,APPROVED,Finance Controller
INV-7301,Delta Ltd,990987.04,PENDING,Finance Controller
INV-7303,,957323.0,PENDING,Finance Controller
INV-7308,Nova Inc,929731.79,PENDING,Finance Controller
INV-7327,Nova Inc,948066.1,PENDING,Finance Controller
INV-7358,Delta Ltd,982990.12,PENDING,Finance Controller
INV-7369,,930325.0,PENDING,Finance Controller
INV-7379,Bright Logistics,900559.0,PENDING,Finance Controller
INV-7394,Jupiter Steel,921427.81,APPROVED,Finance Controller
INV-7402,Jupiter Steel,940737.9,PENDING,Finance Controller
INV-7404,Kaveri Chemicals,926241.0,PENDING,Finance Controller
INV-7406,Bright Logistics,991050.82,PENDING,Finance Controller
INV-7433,Horizon Foods,981566.58,PENDING,Finance Controller
INV-7447,Indigo Print Works,986501.4,PENDING,Finance Controller
INV-7460,XYZ Corp,997985.5,PENDING,Finance Controller
INV-7480,Lotus Packaging,900094.0,PENDING,Finance Controller
INV-7481,Global Office Mart,977405.4,PENDING,Finance Controller
INV-7487,Lotus Packaging,950813.0,PENDING,Finance Controller
INV-7528,Horizon Foods,971361.9,APPROVED,Finance Controller
INV-7534,Delta Ltd,968689.8,REVIEW,Finance Controller
INV-7558,Kaveri Chemicals,993550.0,PENDING,Finance Controller
INV-7563,XYZ Corp,988851.0,PENDING,Finance Controller
INV-7568,Jupiter Steel,999988.86,REVIEW,Finance Controller
INV-7611,Bright Logistics,969737.16,PENDING,Finance Controller
INV-7616,Horizon Foods,963970.0,PENDING,Finance Controller
INV-7625,Falcon Tech,916995.4,PENDING,Finance Controller
INV-7629,Indigo Print Works,944935.0,PENDING,Finance Controller
INV-7630,Global Office Mart,972987.1,PENDING,Finance Controller
INV-7644,Falcon Tech,918432.0,PENDING,Finance Controller
INV-7664,XYZ Corp,991522.0,PENDING,Finance Controller
INV-7672,Lotus Packaging,907218.7,PENDING,Finance Controller
INV-7679,Nova Inc,905162.86,APPROVED,Finance Controller
INV-7680,ABC Ltd,994679.99,REVIEW,Finance Controller
INV-7704,Indigo Print Works,961949.0,PENDING,Finance Controller
INV-7718,Nova Inc,921396.13,REVIEW,Finance Controller
INV-7720,Lotus Packaging,926274.8,PENDING,Finance Controller
INV-7724,Kaveri Chemicals,940352.23,PENDING,Finance Controller
INV-7731,Jupiter Steel,970012.25,PENDING,Finance Controller
INV-7733,Lotus Packaging,962202.0,REVIEW,Finance Controller
INV-7754,XYZ Corp,980570.17,APPROVED,Finance Controller
INV-7763,ABC Ltd,900183.9,PENDING,Finance Controller
INV-7764,Falcon Tech,988543.0,PENDING,Finance Controller
INV-7782,Apex Supplies,992826.46,PENDING,Finance Controller
INV-7783,Lotus Packaging,950786.0,APPROVED,Finance Controller
INV-7798,Horizon Foods,986316.9,APPROVED,Finance Controller
INV-7799,Delta Ltd,992862.9,PENDING,Finance Controller
INV-7818,Indigo Print Works,953939.9,APPROVED,Finance Controller
INV-7819,Nova Inc,903477.0,PENDING,Finance Controller
INV-7832,Lotus Packaging,965409.87,PENDING,Finance Controller
INV-7838,Lotus Packaging,969001.0,PENDING,Finance Controller
INV-7844,Apex Supplies,948191.2,PENDING,Finance Controller
INV-7845,Falcon Tech,996517.25,PENDING,Finance Controller
INV-7858,ABC Ltd,909588.7,PENDING,Finance Controller
INV-7859,Delta Ltd,915263.3,APPROVED,Finance Controller
INV-7863,Horizon Foods,931832.0,APPROVED,Finance Controller
INV-7885,Indigo Print Works,985737.1,PENDING,Finance Controller
INV-7890,Horizon Foods,992106.67,PENDING,Finance Controller
INV-7919,Bright Logistics,974785.97,PENDING,Finance Controller
INV-7923,Lotus Packaging,963679.4,PENDING,Finance Controller
INV-7928,Apex Supplies,940668.8,REVIEW,Finance Controller
INV-7948,Delta Ltd,966443.0,,Finance Controller
INV-7951,Horizon Foods,968037.8,PENDING,Finance Controller
INV-8028,Bright Logistics,915911.7,PENDING,Finance Controller
INV-8042,Delta Ltd,926374.64,PENDING,Finance Controller
INV-8046,ABC Ltd,905493.3,PENDING,Finance Controller
INV-8058,Kaveri Chemicals,902220.22,APPROVED,Finance Controller
INV-8062,Kaveri Chemicals,951670.5,REVIEW,Finance Controller
INV-8067,Global Office Mart,972859.53,PENDING,Finance Controller
INV-8068,Global Office Mart,921175.3,REVIEW,Finance Controller
INV-8072,Kaveri Chemicals,918756.0,PENDING,Finance Controller
INV-8084,Global Office Mart,918654.8,PENDING,Finance Controller
INV-8090,Indigo Print Works,902435.39,PENDING,Finance Controller
INV-8091,Indigo Print Works,912987.0,PENDING,Finance Controller
INV-8092,Global Office Mart,958213.0,PENDING,Finance Controller
INV-8099,Delta Ltd,977338.3,PENDING,Finance Controller
INV-8110,Nova Inc,974002.0,APPROVED,Finance Controller
INV-8122,Falcon Tech,960062.9,PENDING,Finance Controller
INV-8123,Indigo Print Works,975784.0,PENDING,Finance Controller
INV-8145,Nova Inc,974967.0,APPROVED,Finance Controller
INV-8156,Kaveri Chemicals,991881.6,PENDING,Finance Controller
INV-8158,Lotus Packaging,982620.9,PENDING,Finance Controller
INV-8159,Lotus Packaging,933531.91,PENDING,Finance Controller
INV-8188,Lotus Packaging,923966.5,PENDING,Finance Controller
INV-8196,Bright Logistics,938107.0,PENDING,Finance Controller
INV-8199,Lotus Packaging,934454.8,REVIEW,Finance Controller
INV-8206,Kaveri Chemicals,965008.3,PENDING,Finance Controller
INV-8207,Horizon Foods,918162.9,APPROVED,Finance Controller
INV-8222,Kaveri Chemicals,988149.0,PENDING,Finance Controller
INV-8234,Apex Supplies,938989.5,PENDING,Finance Controller
INV-8253,,986572.9,PENDING,Finance Controller
INV-8259,Nova Inc,989013.0,PENDING,Finance Controller
INV-8286,Jupiter Steel,920664.84,APPROVED,Finance Controller
INV-8288,Jupiter Steel,972678.0,PENDING,Finance Controller
INV-8289,Global Office Mart,928361.44,PENDING,Finance Controller
INV-8290,Falcon Tech,926610.0,PENDING,Finance Controller
INV-8303,Global Office Mart,953722.0,PENDING,Finance Controller
INV-8308,Falcon Tech,944578.5,PENDING,Finance Controller
INV-8315,Indigo Print Works,996809.6,APPROVED,Finance Controller
INV-8327,Bright Logistics,940289.95,PENDING,Finance Controller
INV-8336,Nova Inc,961738.7,REVIEW,Finance Controller
INV-8354,Bright Logistics,957361.4,PENDING,Finance Controller
INV-8391,Bright Logistics,935173.42,PENDING,Finance Controller
INV-8396,Indigo Print Works,918472.3,PENDING,Finance Controller
INV-8397,Bright Logistics,969746.66,PENDING,Finance Controller
INV-8411,Jupiter Steel,976381.0,PENDING,Finance Controller
INV-8412,Lotus Packaging,967379.0,PENDING,Finance Controller
INV-8413,Bright Logistics,991268.05,APPROVED,Finance Controller
INV-8446,Indigo Print Works,948856.5,PENDING,Finance Controller
INV-8467,Nova Inc,972306.1,PENDING,Finance Controller
INV-8470,Bright Logistics,943324.0,APPROVED,Finance Controller
INV-8472,Apex Supplies,991630.9,PENDING,Finance Controller
INV-8476,Nova Inc,902124.42,PENDING,Finance Controller
INV-8477,Lotus Packaging,990702.0,PENDING,Finance Controller
INV-8484,Apex Supplies,904137.0,PENDING,Finance Controller
INV-8485,Horizon Foods,939799.9,APPROVED,Finance Controller
INV-8498,ABC Ltd,931469.47,PENDING,Finance Controller
INV-8514,Apex Supplies,914918.87,APPROVED,Finance Controller
INV-8550,Bright Logistics,946224.0,PENDING,Finance Controller
INV-8554,Bright Logistics,999075.22,PENDING,Finance Controller
INV-8564,Apex Supplies,998437.6,APPROVED,Finance Controller
INV-8566,Nova Inc,978304.08,PENDING,Finance Controller
INV-8570,Bright Logistics,953079.0,REVIEW,Finance Controller
INV-8581,Horizon Foods,934255.0,PENDING,Finance Controller
INV-8589,Horizon Foods,929749.0,PENDING,Finance Controller
INV-8620,ABC Ltd,906981.0,PENDING,Finance Controller
INV-8623,Nova Inc,958827.43,PENDING,Finance Controller
INV-8635,ABC Ltd,995248.3,PENDING,Finance Controller
INV-8636,Delta Ltd,926453.1,PENDING,Finance Controller
INV-8655,Falcon Tech,946342.3,PENDING,Finance Controller
INV-8658,XYZ Corp,966491.82,PENDING,Finance Controller
INV-8674,ABC Ltd,921906.43,PENDING,Finance Controller
INV-8682,Indigo Print Works,949160.04,REVIEW,Finance Controller
INV-8684,Falcon Tech,948305.0,PENDING,Finance Controller
INV-8690,Delta Ltd,921779.0,PENDING,Finance Controller
INV-8698,Nova Inc,952698.0,PENDING,Finance Controller
INV-8722,Delta Ltd,942814.0,PENDING,Finance Controller
INV-8730,Nova Inc,901573.9,REVIEW,Finance Controller
INV-8733,Nova Inc,911219.6,APPROVED,Finance Controller
INV-8745,Falcon Tech,964878.1,PENDING,Finance Controller
INV-8752,Delta Ltd,985347.1,PENDING,Finance Controller
INV-8755,Apex Supplies,937385.16,PENDING,Finance Controller
INV-8759,Jupiter Steel,939685.42,PENDING,Finance Controller
INV-8773,Delta Ltd,956340.3,PENDING,Finance Controller
INV-8792,Kaveri Chemicals,955305.8,PENDING,Finance Controller
INV-8803,Jupiter Steel,923969.07,PENDING,Finance Controller
INV-8807,Lotus Packaging,901385.3,REVIEW,Finance Controller
INV-8808,XYZ Corp,910303.48,PENDING,Finance Controller
INV-8815,XYZ Corp,990617.3,PENDING,Finance Controller
INV-8816,Global Office Mart,957506.0,APPROVED,Finance Controller
INV-8817,Nova Inc,999581.1,PENDING,Finance Controller
INV-8831,Nova Inc,945075.05,REVIEW,Finance Controller
INV-8833,ABC Ltd,953594.5,PENDING,Finance Controller
INV-8887,Bright Logistics,973173.2,PENDING,Finance Controller
INV-8893,Jupiter Steel,959722.2,PENDING,Finance Controller
INV-8898,Global Office Mart,932456.0,PENDING,Finance Controller
INV-8911,Global Office Mart,987164.81,PENDING,Finance Controller
INV-8912,Lotus Packaging,993667.33,PENDING,Finance Controller
INV-8916,Falcon Tech,961253.0,PENDING,Finance Controller
INV-8928,Kaveri Chemicals,958625.3,APPROVED,Finance Controller
INV-8932,Delta Ltd,944574.6,PENDING,Finance Controller
INV-8936,,912505.0,APPROVED,Finance Controller
INV-8946,Apex Supplies,947313.7,PENDING,Finance Controller
INV-8954,Global Office Mart,965071.73,APPROVED,Finance Controller
INV-8961,Kaveri Chemicals,919973.6,PENDING,Finance Controller
INV-8962,Nova Inc,973966.9,PENDING,Finance Controller
INV-8992,Falcon Tech,949500.6,PENDING,Finance Controller
INV-9020,,989593.07,PENDING,Finance Controller
INV-9025,Indigo Print Works,957262.7,PENDING,Finance Controller
INV-9043,Falcon Tech,977232.0,PENDING,Finance Controller
INV-9094,Lotus Packaging,936329.83,PENDING,Finance Controller
INV-9102,ABC Ltd,909869.9,PENDING,Finance Controller
INV-9104,XYZ Corp,901990.51,APPROVED,Finance Controller
INV-9107,Bright Logistics,941426.04,PENDING,Finance Controller
INV-9115,ABC Ltd,950599.2,APPROVED,Finance Controller
INV-9125,,923568.0,PENDING,Finance Controller
INV-9128,Bright Logistics,935779.8,PENDING,Finance Controller
INV-9147,XYZ Corp,989697.5,PENDING,Finance Controller
INV-9166,XYZ Corp,915349.0,PENDING,Finance Controller
INV-9173,Delta Ltd,964827.4,PENDING,Finance Controller
INV-9175,Global Office Mart,910983.1,APPROVED,Finance Controller
INV-9182,Horizon Foods,920605.0,PENDING,Finance Controller
INV-9188,Jupiter Steel,980409.54,REVIEW,Finance Controller
INV-9190,ABC Ltd,946505.87,PENDING,Finance Controller
INV-9198,Apex Supplies,983497.46,,Finance Controller
INV-9213,XYZ Corp,957994.5,PENDING,Finance Controller
INV-9244,Lotus Packaging,992436.0,APPROVED,Finance Controller
INV-9258,Apex Supplies,931712.0,PENDING,Finance Controller
INV-9262,Nova Inc,906572.04,PENDING,Finance Controller
INV-9263,Bright Logistics,969710.0,PENDING,Finance Controller
INV-9265,Indigo Print Works,967241.7,PENDING,Finance Controller
INV-9267,Apex Supplies,996055.0,PENDING,Finance Controller
INV-9274,,953456.4,PENDING,Finance Controller
INV-9288,Apex Supplies,963427.0,PENDING,Finance Controller
INV-9295,,971423.4,PENDING,Finance Controller
INV-9300,Jupiter Steel,925270.7,PENDING,Finance Controller
INV-9311,Falcon Tech,996024.05,PENDING,Finance Controller
INV-9315,Apex Supplies,933825.82,PENDING,Finance Controller
INV-9322,,990982.0,APPROVED,Finance Controller
INV-9323,Horizon Foods,925162.53,APPROVED,Finance Controller
INV-9328,Horizon Foods,993753.48,PENDING,Finance Controller
INV-9342,ABC Ltd,992782.19,REVIEW,Finance Controller
INV-9362,ABC Ltd,988384.0,PENDING,Finance Controller
INV-9372,Indigo Print Works,979502.88,REVIEW,Finance Controller
INV-9381,Jupiter Steel,996691.57,PENDING,Finance Controller
INV-9382,Apex Supplies,912811.4,PENDING,Finance Controller
INV-9389,Falcon Tech,910533.0,PENDING,Finance Controller
INV-9391,XYZ Corp,902357.4,PENDING,Finance Controller
INV-9409,Jupiter Steel,911636.1,APPROVED,Finance Controller
INV-9419,Indigo Print Works,968289.59,REVIEW,Finance Controller
INV-9425,Lotus Packaging,914810.2,APPROVED,Finance Controller
INV-9427,Apex Supplies,992305.0,REVIEW,Finance Controller
INV-9435,Falcon Tech,921172.0,APPROVED,Finance Controller
INV-9436,Falcon Tech,915599.2,PENDING,Finance Controller
INV-9456,Global Office Mart,969067.0,REVIEW,Finance Controller
INV-9472,Lotus Packaging,934537.26,PENDING,Finance Controller
INV-9480,Lotus Packaging,914160.0,PENDING,Finance Controller
INV-9484,Bright Logistics,995827.0,PENDING,Finance Controller
INV-9492,Nova Inc,973086.0,PENDING,Finance Controller
INV-9498,Horizon Foods,970539.0,PENDING,Finance Controller
INV-9508,Horizon Foods,982965.0,PENDING,Finance Controller
INV-9514,Kaveri Chemicals,907121.0,PENDING,Finance Controller
INV-9525,Jupiter Steel,993951.0,PENDING,Finance Controller
INV-9527,Bright Logistics,914583.0,REVIEW,Finance Controller
INV-9534,Horizon Foods,923669.8,PENDING,Finance Controller
INV-9535,Bright Logistics,966215.0,PENDING,Finance Controller
INV-9539,Jupiter Steel,943120.0,PENDING,Finance Controller
INV-9550,Delta Ltd,919165.5,APPROVED,Finance Controller
INV-9556,XYZ Corp,972137.91,PENDING,Finance Controller
INV-9557,Jupiter Steel,974689.97,APPROVED,Finance Controller
INV-9562,ABC Ltd,957802.8,PENDING,Finance Controller
INV-9568,Jupiter Steel,973107.42,PENDING,Finance Controller
INV-9573,Kaveri Chemicals,940810.0,APPROVED,Finance Controller
INV-9578,Bright Logistics,915288.6,APPROVED,Finance Controller
INV-9595,Nova Inc,997218.8,PENDING,Finance Controller
INV-9599,ABC Ltd,987248.2,PENDING,Finance Controller
INV-9617,Lotus Packaging,906370.0,APPROVED,Finance Controller
INV-9620,Indigo Print Works,945063.77,PENDING,Finance Controller
INV-9648,Nova Inc,995407.0,PENDING,Finance Controller
INV-9656,Falcon Tech,982680.0,REVIEW,Finance Controller
INV-9669,Horizon Foods,993620.1,PENDING,Finance Controller
INV-9679,Nova Inc,939361.0,PENDING,Finance Controller
INV-9693,Nova Inc,914130.0,PENDING,Finance Controller
INV-9700,Kaveri Chemicals,983381.96,PENDING,Finance Controller
INV-9702,Indigo Print Works,960783.0,PENDING,Finance Controller
INV-9718,Kaveri Chemicals,955946.0,APPROVED,Finance Controller
INV-9727,Bright Logistics,980310.8,PENDING,Finance Controller
INV-9732,Bright Logistics,904070.1,PENDING,Finance Controller
INV-9746,Jupiter Steel,937693.3,PENDING,Finance Controller
INV-9748,ABC Ltd,980072.78,PENDING,Finance Controller
INV-9762,Horizon Foods,952247.0,APPROVED,Finance Controller
INV-9778,Falcon Tech,936238.7,APPROVED,Finance Controller
INV-9782,Kaveri Chemicals,914738.95,PENDING,Finance Controller
INV-9788,Nova Inc,949350.12,PENDING,Finance Controller
INV-9798,Falcon Tech,931774.3,PENDING,Finance Controller
INV-9805,Indigo Print Works,949898.0,PENDING,Finance Controller
INV-9810,Global Office Mart,995631.8,PENDING,Finance Controller
INV-9814,Delta Ltd,925878.4,APPROVED,Finance Controller
INV-9820,Kaveri Chemicals,994101.2,PENDING,Finance Controller
INV-9827,Delta Ltd,946449.0,PENDING,Finance Controller
INV-9843,Apex Supplies,964556.37,PENDING,Finance Controller
INV-9844,Bright Logistics,928857.62,PENDING,Finance Controller
INV-9845,Kaveri Chemicals,904020.0,PENDING,Finance Controller
INV-9851,Global Office Mart,956935.7,PENDING,Finance Controller
INV-9868,Indigo Print Works,999520.5,PENDING,Finance Controller
INV-9903,Nova Inc,985135.8,APPROVED,Finance Controller
INV-9923,,938677.63,REVIEW,Finance Controller
INV-9932,Kaveri Chemicals,943475.06,APPROVED,Finance Controller
INV-9935,Global Office Mart,964018.8,APPROVED,Finance Controller
INV-9947,Kaveri Chemicals,989828.36,PENDING,Finance Controller
INV-9948,ABC Ltd,955859.76,PENDING,Finance Controller
INV-9957,Lotus Packaging,921170.0,PENDING,Finance Controller
INV-9963,Delta Ltd,912244.5,REVIEW,Finance Controller
INV-9966,Bright Logistics,906306.0,PENDING,Finance Controller
INV-9968,Apex Supplies,919634.5,REVIEW,Finance Controller
INV-9974,XYZ Corp,978809.0,PENDING,Finance Controller
INV-9975,XYZ Corp,991015.7,PENDING,Finance Controller
INV-9979,Kaveri Chemicals,934929.0,PENDING,Finance Controller
INV-9985,Jupiter Steel,907933.24,PENDING,Finance Controller
INV-10001,Indigo Print Works,957854.1,PENDING,Finance Controller
INV-10007,Lotus Packaging,900033.69,REVIEW,Finance Controller
INV-10008,Delta Ltd,912903.0,PENDING,Finance Controller
INV-10011,Horizon Foods,992102.5,PENDING,Finance Controller
INV-10024,Indigo Print Works,988075.01,PENDING,Finance Controller
INV-10026,Indigo Print Works,908622.0,,Finance Controller
INV-10038,,911580.3,PENDING,Finance Controller
INV-10049,Nova Inc,920205.8,PENDING,Finance Controller
INV-10057,Jupiter Steel,979656.54,REVIEW,Finance Controller
INV-10058,Lotus Packaging,995600.0,APPROVED,Finance Controller
INV-10093,Delta Ltd,964439.83,PENDING,Finance Controller
INV-10094,Bright Logistics,907679.0,PENDING,Finance Controller
INV-10103,ABC Ltd,943953.42,PENDING,Finance Controller
INV-10109,Horizon Foods,992659.5,REVIEW,Finance Controller
INV-10141,Global Office Mart,989057.7,PENDING,Finance Controller
INV-10159,XYZ Corp,993415.8,PENDING,Finance Controller
INV-10160,Lotus Packaging,912784.0,PENDING,Finance Controller
INV-10167,,973606.0,PENDING,Finance Controller
INV-10176,ABC Ltd,975925.0,PENDING,Finance Controller
INV-10184,Falcon Tech,973191.0,REVIEW,Finance Controller
INV-10198,Apex Supplies,919411.0,REVIEW,Finance Controller
INV-10213,Falcon Tech,954162.5,PENDING,Finance Controller
INV-10220,Apex Supplies,949689.89,PENDING,Finance Controller
INV-10240,Bright Logistics,967781.0,APPROVED,Finance Controller
INV-10257,,943946.84,APPROVED,Finance Controller
INV-10269,Apex Supplies,960657.83,,Finance Controller
INV-10275,Horizon Foods,951129.6,REVIEW,Finance Controller
INV-10311,Nova Inc,902886.25,PENDING,Finance Controller
INV-10312,Horizon Foods,903274.27,APPROVED,Finance Controller
INV-10313,Jupiter Steel,979240.7,APPROVED,Finance Controller
INV-10330,XYZ Corp,998953.9,REVIEW,Finance Controller
INV-10345,Nova Inc,972111.5,PENDING,Finance Controller
INV-10355,Indigo Print Works,964241.8,PENDING,Finance Controller
INV-10362,Bright Logistics,968663.06,PENDING,Finance Controller
INV-10383,Nova Inc,935745.0,PENDING,Finance Controller
INV-10396,Delta Ltd,961017.0,PENDING,Finance Controller
INV-10397,Global Office Mart,966609.81,PENDING,Finance Controller
INV-10403,Indigo Print Works,914480.0,APPROVED,Finance Controller
INV-10413,Nova Inc,931086.0,APPROVED,Finance Controller
INV-10416,Jupiter Steel,984268.0,PENDING,Finance Controller
INV-10418,Global Office Mart,966939.0,APPROVED,Finance Controller
INV-10422,XYZ Corp,910065.4,PENDING,Finance Controller
INV-10427,,978281.1,APPROVED,Finance Controller
INV-10428,,990081.0,APPROVED,Finance Controller
INV-10433,Bright Logistics,984474.0,PENDING,Finance Controller
INV-10434,Falcon Tech,965249.19,REVIEW,Finance Controller
INV-10471,Falcon Tech,981413.08,PENDING,Finance Controller
INV-10475,XYZ Corp,953448.3,REVIEW,Finance Controller
INV-10499,Falcon Tech,931969.64,PENDING,Finance Controller
INV-10515,Indigo Print Works,998278.5,PENDING,Finance Controller
INV-10538,Horizon Foods,910445.0,REVIEW,Finance Controller
INV-10547,ABC Ltd,931804.4,PENDING,Finance Controller
INV-10565,Nova Inc,980371.5,PENDING,Finance Controller
INV-10572,Nova Inc,924091.0,PENDING,Finance Controller
INV-10599,Global Office Mart,988695.0,PENDING,Finance Controller
INV-10600,Indigo Print Works,959142.56,APPROVED,Finance Controller
INV-10628,Kaveri Chemicals,946618.73,PENDING,Finance Controller
INV-10631,Lotus Packaging,971870.2,PENDING,Finance Controller
INV-10638,Falcon Tech,963279.0,PENDING,Finance Controller
INV-10642,Lotus Packaging,925647.99,PENDING,Finance Controller
INV-10667,Lotus Packaging,953993.4,PENDING,Finance Controller
INV-10680,Falcon Tech,999217.9,PENDING,Finance Controller
INV-10688,Apex Supplies,927299.0,PENDING,Finance Controller
INV-10689,Bright Logistics,980797.0,APPROVED,Finance Controller
INV-10710,XYZ Corp,982004.95,PENDING,Finance Controller
INV-10724,Falcon Tech,961974.9,PENDING,Finance Controller
INV-10728,Global Office Mart,979091.0,REVIEW,Finance Controller
INV-10748,Falcon Tech,922287.19,PENDING,Finance Controller
INV-10753,XYZ Corp,929355.0,PENDING,Finance Controller
INV-10755,Bright Logistics,962165.0,APPROVED,Finance Controller
INV-10787,Falcon Tech,991632.62,PENDING,Finance Controller
INV-10805,Apex Supplies,991634.38,PENDING,Finance Controller
INV-10814,Indigo Print Works,996489.53,REVIEW,Finance Controller
INV-10823,Nova Inc,947523.34,APPROVED,Finance Controller
INV-10826,Indigo Print Works,954276.68,PENDING,Finance Controller
INV-10833,Global Office Mart,965806.5,PENDING,Finance Controller
INV-10848,Jupiter Steel,971547.0,APPROVED,Finance Controller
INV-10851,Jupiter Steel,972141.3,PENDING,Finance Controller
INV-10852,Lotus Packaging,934264.71,REVIEW,Finance Controller
INV-10869,Global Office Mart,948374.6,APPROVED,Finance Controller
INV-10871,,975742.0,APPROVED,Finance Controller
INV-10873,Bright Logistics,947405.0,PENDING,Finance Controller
INV-10879,Horizon Foods,907448.1,APPROVED,Finance Controller
INV-10882,Kaveri Chemicals,903041.25,APPROVED,Finance Controller
INV-10891,Lotus Packaging,952984.7,PENDING,Finance Controller
INV-10909,Indigo Print Works,992349.0,PENDING,Finance Controller
INV-10911,Kaveri Chemicals,936926.24,PENDING,Finance Controller
INV-10934,Horizon Foods,960883.6,PENDING,Finance Controller
INV-10958,Jupiter Steel,992505.6,PENDING,Finance Controller
INV-10981,Jupiter Steel,931844.0,REVIEW,Finance Controller
INV-11023,Indigo Print Works,987040.3,PENDING,Finance Controller
INV-11024,Jupiter Steel,948147.0,PENDING,Finance Controller
INV-11026,Global Office Mart,971423.82,PENDING,Finance Controller
INV-11034,Bright Logistics,961223.2,PENDING,Finance Controller
INV-11038,Jupiter Steel,958424.3,APPROVED,Finance Controller
INV-11041,Kaveri Chemicals,919795.8,PENDING,Finance Controller
INV-11045,Kaveri Chemicals,944331.2,PENDING,Finance Controller
INV-11055,Lotus Packaging,932129.1,APPROVED,Finance Controller
INV-11061,Bright Logistics,962761.81,REVIEW,Finance Controller
INV-11063,,982523.64,PENDING,Finance Controller
INV-11064,Nova Inc,942095.0,PENDING,Finance Controller
INV-11065,Falcon Tech,915904.9,PENDING,Finance Controller
INV-11072,XYZ Corp,949861.0,PENDING,Finance Controller
INV-11085,XYZ Corp,902967.4,APPROVED,Finance Controller
INV-11090,Falcon Tech,926053.71,APPROVED,Finance Controller
INV-11091,Indigo Print Works,923118.0,PENDING,Finance Controller
INV-11119,Horizon Foods,966781.0,PENDING,Finance Controller
INV-11140,Kaveri Chemicals,913011.6,APPROVED,Finance Controller
INV-11146,Global Office Mart,918090.9,PENDING,Finance Controller
INV-11148,Falcon Tech,934355.0,PENDING,Finance Controller
INV-11153,XYZ Corp,930679.96,PENDING,Finance Controller
INV-11155,Indigo Print Works,904907.14,REVIEW,Finance Controller
INV-11156,Falcon Tech,927978.0,APPROVED,Finance Controller
INV-11171,Lotus Packaging,935715.31,PENDING,Finance Controller
INV-11176,Bright Logistics,952920.5,PENDING,Finance Controller
INV-11189,XYZ Corp,909327.7,PENDING,Finance Controller
INV-11194,Lotus Packaging,921409.0,PENDING,Finance Controller
INV-11214,Lotus Packaging,940505.61,APPROVED,Finance Controller
INV-11234,Bright Logistics,945128.0,APPROVED,Finance Controller
INV-11238,Apex Supplies,903663.0,PENDING,Finance Controller
INV-11245,Jupiter Steel,928087.7,PENDING,Finance Controller
INV-11280,XYZ Corp,962504.6,PENDING,Finance Controller
INV-11300,Kaveri Chemicals,991204.78,PENDING,Finance Controller
INV-11301,Kaveri Chemicals,998191.0,PENDING,Finance Controller
INV-11361,Bright Logistics,944412.9,PENDING,Finance Controller
INV-11388,Bright Logistics,973613.74,APPROVED,Finance Controller
INV-11394,Falcon Tech,995709.1,PENDING,Finance Controller
INV-11402,Horizon Foods,927236.0,APPROVED,Finance Controller
INV-11431,Lotus Packaging,918669.0,PENDING,Finance Controller
INV-11449,Global Office Mart,915705.0,PENDING,Finance Controller
INV-11456,Jupiter Steel,932338.4,PENDING,Finance Controller
INV-11465,Global Office Mart,922975.66,REVIEW,Finance Controller
INV-11479,Jupiter Steel,915726.0,PENDING,Finance Controller
INV-11481,Indigo Print Works,902939.0,REVIEW,Finance Controller
INV-11490,Kaveri Chemicals,973954.9,PENDING,Finance Controller
INV-11497,ABC Ltd,966640.17,PENDING,Finance Controller
INV-11507,Lotus Packaging,952702.0,PENDING,Finance Controller
INV-11527,Indigo Print Works,968107.0,PENDING,Finance Controller
INV-11534,Global Office Mart,999830.99,PENDING,Finance Controller
INV-11535,Global Office Mart,992432.67,PENDING,Finance Controller
INV-11539,Apex Supplies,914807.9,PENDING,Finance Controller
INV-11542,Nova Inc,921956.2,PENDING,Finance Controller
INV-11550,Nova Inc,996246.7,PENDING,Finance Controller
INV-11575,Lotus Packaging,954411.28,PENDING,Finance Controller
INV-11576,Horizon Foods,933804.61,PENDING,Finance Controller
INV-11598,Indigo Print Works,940807.6,PENDING,Finance Controller
INV-11600,Delta Ltd,958853.0,APPROVED,Finance Controller
INV-11609,XYZ Corp,959124.77,PENDING,Finance Controller
INV-11622,,924297.41,PENDING,Finance Controller
INV-11637,Delta Ltd,921341.35,PENDING,Finance Controller
INV-11642,ABC Ltd,964286.7,PENDING,Finance Controller
INV-11654,Bright Logistics,962716.0,PENDING,Finance Controller
INV-11656,Delta Ltd,943142.0,PENDING,Finance Controller
INV-11661,Jupiter Steel,920269.4,PENDING,Finance Controller
INV-11668,,904753.7,APPROVED,Finance Controller
INV-11672,ABC Ltd,983144.79,PENDING,Finance Controller
INV-11714,XYZ Corp,982363.77,APPROVED,Finance Controller
INV-11729,Global Office Mart,960714.08,APPROVED,Finance Controller
INV-11741,ABC Ltd,911659.8,PENDING,Finance Controller
INV-11754,Lotus Packaging,900305.0,APPROVED,Finance Controller
INV-11762,ABC Ltd,963740.64,REVIEW,Finance Controller
INV-11763,Apex Supplies,918368.0,PENDING,Finance Controller
INV-11776,XYZ Corp,983433.99,PENDING,Finance Controller
INV-11785,Apex Supplies,965344.2,PENDING,Finance Controller
INV-11806,Delta Ltd,964837.0,PENDING,Finance Controller
INV-11813,Indigo Print Works,984728.39,PENDING,Finance Controller
INV-11819,Indigo Print Works,910028.0,REVIEW,Finance Controller
INV-11828,Jupiter Steel,997388.5,APPROVED,Finance Controller
INV-11846,Kaveri Chemicals,901587.4,PENDING,Finance Controller
INV-11856,Indigo Print Works,973330.42,APPROVED,Finance Controller
INV-11880,Bright Logistics,920572.2,APPROVED,Finance Controller
INV-11882,ABC Ltd,943838.9,PENDING,Finance Controller
INV-11896,XYZ Corp,907572.7,PENDING,Finance Controller
INV-11897,Nova Inc,971915.2,PENDING,Finance Controller
INV-11906,Falcon Tech,916662.0,PENDING,Finance Controller
INV-11907,Bright Logistics,995875.3,PENDING,Finance Controller
INV-11958,Horizon Foods,942034.0,APPROVED,Finance Controller
INV-11961,Global Office Mart,997313.0,REVIEW,Finance Controller
INV-11972,Indigo Print Works,951373.27,APPROVED,Finance Controller
INV-11977,Bright Logistics,955587.0,PENDING,Finance Controller
INV-11980,Nova Inc,936718.0,PENDING,Finance Controller
INV-11984,Nova Inc,908618.78,PENDING,Finance Controller
INV-12008,,973614.4,APPROVED,Finance Controller
INV-12010,Lotus Packaging,943224.0,APPROVED,Finance Controller
INV-12032,Apex Supplies,952666.61,PENDING,Finance Controller
INV-12035,Indigo Print Works,977127.0,PENDING,Finance Controller
INV-12039,XYZ Corp,991998.2,APPROVED,Finance Controller
INV-12051,Nova Inc,946487.0,PENDING,Finance Controller
INV-12053,Nova Inc,960083.7,PENDING,Finance Controller
INV-12063,Lotus Packaging,945736.3,PENDING,Finance Controller
INV-12066,Global Office Mart,980894.49,PENDING,Finance Controller
INV-12073,Nova Inc,958791.0,PENDING,Finance Controller
INV-12076,Jupiter Steel,966789.0,PENDING,Finance Controller
INV-12119,Kaveri Chemicals,918960.67,PENDING,Finance Controller
INV-12132,Indigo Print Works,966722.0,PENDING,Finance Controller
INV-12142,Apex Supplies,970675.0,PENDING,Finance Controller
INV-12174,Apex Supplies,968914.16,PENDING,Finance Controller
INV-12184,Jupiter Steel,982787.74,PENDING,Finance Controller
INV-12185,Global Office Mart,954323.1,PENDING,Finance Controller
INV-12193,XYZ Corp,929734.6,PENDING,Finance Controller
INV-12194,Jupiter Steel,930873.3,PENDING,Finance Controller
INV-12202,Global Office Mart,938305.0,,Finance Controller
INV-12204,ABC Ltd,940741.42,APPROVED,Finance Controller
INV-12215,ABC Ltd,932434.9,PENDING,Finance Controller
INV-12229,Global Office Mart,997314.8,APPROVED,Finance Controller
INV-12231,Apex Supplies,985727.3,PENDING,Finance Controller
INV-12238,Nova Inc,965587.0,PENDING,Finance Controller
INV-12258,Global Office Mart,952661.0,PENDING,Finance Controller
INV-12264,Delta Ltd,925783.0,PENDING,Finance Controller
INV-12280,Kaveri Chemicals,928897.9,PENDING,Finance Controller
INV-12289,Apex Supplies,966051.7,PENDING,Finance Controller
INV-12300,Jupiter Steel,979593.5,PENDING,Finance Controller
INV-12312,Apex Supplies,968084.0,PENDING,Finance Controller
INV-12313,Global Office Mart,971852.96,REVIEW,Finance Controller
INV-12322,XYZ Corp,981977.84,PENDING,Finance Controller
INV-12326,Delta Ltd,917869.8,APPROVED,Finance Controller
INV-12327,Delta Ltd,944333.8,PENDING,Finance Controller
INV-12334,ABC Ltd,995696.05,REVIEW,Finance Controller
INV-12356,,941668.2,PENDING,Finance Controller
INV-12358,Global Office Mart,916542.4,APPROVED,Finance Controller
INV-12360,Falcon Tech,928684.6,PENDING,Finance Controller
INV-12384,Lotus Packaging,929052.2,PENDING,Finance Controller
INV-12416,Nova Inc,909559.0,PENDING,Finance Controller
INV-12426,Apex Supplies,903581.0,PENDING,Finance Controller
INV-12429,Apex Supplies,969601.0,PENDING,Finance Controller
INV-12432,XYZ Corp,901421.0,PENDING,Finance Controller
INV-12433,XYZ Corp,994556.0,REVIEW,Finance Controller
INV-12446,Falcon Tech,945658.0,PENDING,Finance Controller
INV-12460,ABC Ltd,987477.75,PENDING,Finance Controller
INV-12464,Bright Logistics,967569.85,PENDING,Finance Controller
INV-12470,Nova Inc,907766.2,PENDING,Finance Controller
INV-12483,XYZ Corp,972441.4,PENDING,Finance Controller
INV-12485,Falcon Tech,973528.0,REVIEW,Finance Controller
INV-12489,Jupiter Steel,975498.4,PENDING,Finance Controller
INV-12493,Kaveri Chemicals,950477.9,REVIEW,Finance Controller
INV-12500,Apex Supplies,971802.95,PENDING,Finance Controller
INV-12525,Global Office Mart,908079.0,PENDING,Finance Controller
INV-12531,Kaveri Chemicals,955527.2,APPROVED,Finance Controller
INV-12541,Horizon Foods,971742.1,PENDING,Finance Controller
INV-12575,Bright Logistics,949906.3,PENDING,Finance Controller
INV-12579,Delta Ltd,900075.4,PENDING,Finance Controller
INV-12581,XYZ Corp,912270.13,PENDING,Finance Controller
INV-12589,Apex Supplies,969031.8,PENDING,Finance Controller
INV-12598,XYZ Corp,906497.1,PENDING,Finance Controller
INV-12605,Horizon Foods,971813.0,APPROVED,Finance Controller
INV-12611,Horizon Foods,975205.0,APPROVED,Finance Controller
INV-12615,Apex Supplies,912997.15,PENDING,Finance Controller
INV-12623,Nova Inc,919411.92,PENDING,Finance Controller
INV-12627,Kaveri Chemicals,981832.1,PENDING,Finance Controller
INV-12638,Falcon Tech,991165.28,REVIEW,Finance Controller
INV-12642,Horizon Foods,942649.5,APPROVED,Finance Controller
INV-12647,Bright Logistics,950204.9,APPROVED,Finance Controller
INV-12662,Apex Supplies,985100.2,PENDING,Finance Controller
INV-12663,Bright Logistics,934682.3,PENDING,Finance Controller
INV-12664,XYZ Corp,985516.5,APPROVED,Finance Controller
INV-12668,Horizon Foods,923507.0,APPROVED,Finance Controller
INV-12671,Lotus Packaging,945741.0,PENDING,Finance Controller
INV-12678,Falcon Tech,904720.0,PENDING,Finance Controller
INV-12684,Global Office Mart,930098.3,PENDING,Finance Controller
INV-12692,Nova Inc,959417.0,APPROVED,Finance Controller
INV-12734,Delta Ltd,989280.95,APPROVED,Finance Controller
INV-12739,Global Office Mart,938525.07,PENDING,Finance Controller
INV-12742,Kaveri Chemicals,987183.0,APPROVED,Finance Controller
INV-12745,Apex Supplies,945479.9,PENDING,Finance Controller
INV-12748,XYZ Corp,996634.16,PENDING,Finance Controller
INV-12752,Indigo Print Works,987598.0,APPROVED,Finance Controller
INV-12761,Indigo Print Works,944633.0,PENDING,Finance Controller
INV-12762,Lotus Packaging,958158.6,REVIEW,Finance Controller
INV-12764,Global Office Mart,913575.86,APPROVED,Finance Controller
INV-12776,Delta Ltd,944392.1,REVIEW,Finance Controller
INV-12790,Nova Inc,983132.9,PENDING,Finance Controller
INV-12810,Indigo Print Works,925302.03,PENDING,Finance Controller
INV-12817,Lotus Packaging,997321.9,PENDING,Finance Controller
INV-12820,,914078.0,PENDING,Finance Controller
INV-12830,Lotus Packaging,909941.25,PENDING,Finance Controller
INV-12845,XYZ Corp,911823.0,PENDING,Finance Controller
INV-12849,Delta Ltd,906822.21,PENDING,Finance Controller
INV-12850,Horizon Foods,911854.0,PENDING,Finance Controller
INV-12853,Horizon Foods,999671.0,PENDING,Finance Controller
INV-12856,Delta Ltd,928679.86,APPROVED,Finance Controller
INV-12859,Horizon Foods,941477.22,REVIEW,Finance Controller
INV-12863,Horizon Foods,963077.44,PENDING,Finance Controller
INV-12877,Kaveri Chemicals,934898.0,APPROVED,Finance Controller
INV-12882,Horizon Foods,961531.0,PENDING,Finance Controller
INV-12887,Apex Supplies,982616.9,PENDING,Finance Controller
INV-12901,Lotus Packaging,979012.0,PENDING,Finance Controller
INV-12905,XYZ Corp,993816.91,APPROVED,Finance Controller
INV-12910,Global Office Mart,984191.94,PENDING,Finance Controller
INV-12911,XYZ Corp,958429.4,PENDING,Finance Controller
INV-12924,Jupiter Steel,908332.21,PENDING,Finance Controller
INV-12929,Apex Supplies,933612.0,REVIEW,Finance Controller
INV-12935,Indigo Print Works,973588.51,REVIEW,Finance Controller
INV-12947,Delta Ltd,963265.0,PENDING,Finance Controller
INV-12955,Kaveri Chemicals,919012.1,APPROVED,Finance Controller
INV-12970,Global Office Mart,996286.11,PENDING,Finance Controller
INV-13006,Falcon Tech,944369.0,PENDING,Finance Controller
INV-13019,Falcon Tech,909317.0,APPROVED,Finance Controller
INV-13028,Horizon Foods,926975.0,PENDING,Finance Controller
INV-13031,Delta Ltd,922118.6,PENDING,Finance Controller
INV-13032,,954380.7,APPROVED,Finance Controller
INV-13036,XYZ Corp,921462.07,PENDING,Finance Controller
INV-13045,XYZ Corp,912801.0,APPROVED,Finance Controller
INV-13050,Nova Inc,910852.67,APPROVED,Finance Controller
INV-13072,Jupiter Steel,972897.07,PENDING,Finance Controller
INV-13073,XYZ Corp,976372.07,PENDING,Finance Controller
INV-13074,Bright Logistics,991355.2,APPROVED,Finance Controller
INV-13079,ABC Ltd,927839.0,PENDING,Finance Controller
INV-13080,Indigo Print Works,927275.01,REVIEW,Finance Controller
INV-13088,Global Office Mart,977278.46,REVIEW,Finance Controller
INV-13114,Indigo Print Works,979997.0,PENDING,Finance Controller
INV-13128,Horizon Foods,969286.93,PENDING,Finance Controller
INV-13143,XYZ Corp,973248.62,PENDING,Finance Controller
INV-13144,XYZ Corp,958187.0,PENDING,Finance Controller
INV-13146,Bright Logistics,935891.0,,Finance Controller
INV-13158,Apex Supplies,922800.7,PENDING,Finance Controller
INV-13166,,952887.5,PENDING,Finance Controller
INV-13175,Apex Supplies,957568.17,PENDING,Finance Controller
INV-13181,Global Office Mart,909789.4,PENDING,Finance Controller
INV-13198,Bright Logistics,920149.39,PENDING,Finance Controller
INV-13200,XYZ Corp,935655.7,PENDING,Finance Controller
INV-13202,Horizon Foods,968896.76,PENDING,Finance Controller
INV-13214,Global Office Mart,969363.7,REVIEW,Finance Controller
INV-13215,Bright Logistics,916755.64,PENDING,Finance Controller
INV-13217,Kaveri Chemicals,990441.3,PENDING,Finance Controller
INV-13226,Global Office Mart,985279.2,APPROVED,Finance Controller
INV-13235,Falcon Tech,922887.45,PENDING,Finance Controller
INV-13243,Nova Inc,926564.49,PENDING,Finance Controller
INV-13260,Lotus Packaging,952502.5,APPROVED,Finance Controller
INV-13270,Falcon Tech,967225.0,PENDING,Finance Controller
INV-13282,Falcon Tech,990800.0,APPROVED,Finance Controller
INV-13287,Apex Supplies,937204.0,PENDING,Finance Controller
INV-13301,XYZ Corp,905176.0,APPROVED,Finance Controller
INV-13319,Apex Supplies,985543.0,PENDING,Finance Controller
INV-13359,Apex Supplies,900368.0,PENDING,Finance Controller
INV-13362,Apex Supplies,954482.3,PENDING,Finance Controller
INV-13370,Global Office Mart,996589.05,APPROVED,Finance Controller
INV-13374,Apex Supplies,909319.0,PENDING,Finance Controller
INV-13380,ABC Ltd,997517.8,PENDING,Finance Controller
INV-13382,XYZ Corp,961649.7,PENDING,Finance Controller
INV-13387,Apex Supplies,931747.45,REVIEW,Finance Controller
INV-13390,Horizon Foods,920375.7,PENDING,Finance Controller
INV-13415,Kaveri Chemicals,984993.2,PENDING,Finance Controller
INV-13417,Falcon Tech,918332.0,REVIEW,Finance Controller
INV-13426,XYZ Corp,931788.0,PENDING,Finance Controller
INV-13467,,992648.4,PENDING,Finance Controller
INV-13468,Lotus Packaging,957364.4,APPROVED,Finance Controller
INV-13478,Indigo Print Works,955017.0,APPROVED,Finance Controller
INV-13491,Jupiter Steel,900415.58,APPROVED,Finance Controller
INV-13501,Horizon Foods,941744.2,PENDING,Finance Controller
INV-13519,Apex Supplies,969444.36,APPROVED,Finance Controller
INV-13527,Indigo Print Works,961643.0,PENDING,Finance Controller
INV-13531,Global Office Mart,991224.0,PENDING,Finance Controller
INV-13534,Kaveri Chemicals,905952.5,PENDING,Finance Controller
INV-13535,Delta Ltd,908542.67,REVIEW,Finance Controller
INV-13547,Horizon Foods,994162.0,PENDING,Finance Controller
INV-13552,Global Office Mart,906733.0,PENDING,Finance Controller
INV-13572,Nova Inc,902806.3,PENDING,Finance Controller
INV-13576,Nova Inc,991256.43,PENDING,Finance Controller
INV-13594,Jupiter Steel,966801.0,PENDING,Finance Controller
INV-13596,Global Office Mart,991583.1,PENDING,Finance Controller
INV-13597,Bright Logistics,998678.6,APPROVED,Finance Controller
INV-13601,Delta Ltd,931872.0,PENDING,Finance Controller
INV-13625,Jupiter Steel,911206.0,PENDING,Finance Controller
INV-13634,ABC Ltd,985561.59,PENDING,Finance Controller
INV-13636,Jupiter Steel,981754.6,PENDING,Finance Controller
INV-13637,Horizon Foods,909438.7,PENDING,Finance Controller
INV-13647,Kaveri Chemicals,964520.55,APPROVED,Finance Controller
INV-13649,Falcon Tech,901819.42,PENDING,Finance Controller
INV-13666,Lotus Packaging,982680.5,PENDING,Finance Controller
INV-13668,Jupiter Steel,970254.54,APPROVED,Finance Controller
INV-13673,XYZ Corp,910383.0,REVIEW,Finance Controller
INV-13683,Lotus Packaging,977317.0,APPROVED,Finance Controller
INV-13689,Global Office Mart,976754.7,PENDING,Finance Controller
INV-13704,Jupiter Steel,976061.0,APPROVED,Finance Controller
INV-13708,Lotus Packaging,917568.39,PENDING,Finance Controller
INV-13721,Falcon Tech,968653.9,REVIEW,Finance Controller
INV-13725,Jupiter Steel,967674.0,REVIEW,Finance Controller
INV-13729,Bright Logistics,914644.0,APPROVED,Finance Controller
INV-13759,Indigo Print Works,995792.03,REVIEW,Finance Controller
INV-13778,XYZ Corp,970177.0,PENDING,Finance Controller
INV-13792,ABC Ltd,966974.0,PENDING,Finance Controller
INV-13798,Horizon Foods,972603.47,APPROVED,Finance Controller
INV-13808,,980562.88,REVIEW,Finance Controller
INV-13834,Nova Inc,970630.93,PENDING,Finance Controller
INV-13854,Apex Supplies,945890.0,PENDING,Finance Controller
INV-13861,Delta Ltd,979157.6,PENDING,Finance Controller
INV-13865,,997223.0,PENDING,Finance Controller
INV-13867,XYZ Corp,910797.47,PENDING,Finance Controller
INV-13876,Lotus Packaging,977407.0,PENDING,Finance Controller
INV-13894,Lotus Packaging,936134.45,PENDING,Finance Controller
INV-13908,Apex Supplies,962948.1,PENDING,Finance Controller
INV-13914,Nova Inc,915572.0,APPROVED,Finance Controller
INV-13918,Apex Supplies,975349.0,APPROVED,Finance Controller
INV-13933,Bright Logistics,909343.17,PENDING,Finance Controller
INV-13938,Lotus Packaging,926718.4,,Finance Controller
INV-13942,Kaveri Chemicals,912168.5,PENDING,Finance Controller
INV-13953,Nova Inc,999275.8,PENDING,Finance Controller
INV-13959,Kaveri Chemicals,904376.96,PENDING,Finance Controller
INV-13961,Falcon Tech,982828.0,PENDING,Finance Controller
INV-13973,Apex Supplies,949672.9,PENDING,Finance Controller
INV-13984,Kaveri Chemicals,918910.78,PENDING,Finance Controller
INV-13986,Global Office Mart,907939.4,APPROVED,Finance Controller
INV-13987,Global Office Mart,957990.1,APPROVED,Finance Controller
INV-13993,Kaveri Chemicals,956070.3,PENDING,Finance Controller
INV-14002,Falcon Tech,924929.91,PENDING,Finance Controller
INV-14013,Delta Ltd,937853.0,APPROVED,Finance Controller
INV-14015,Apex Supplies,924456.0,PENDING,Finance Controller
INV-14028,Global Office Mart,921860.6,PENDING,Finance Controller
INV-14029,Delta Ltd,951502.2,APPROVED,Finance Controller
INV-14042,Apex Supplies,900484.66,APPROVED,Finance Controller
INV-14047,,906931.15,PENDING,Finance Controller
INV-14050,Lotus Packaging,916001.0,PENDING,Finance Controller
INV-14065,XYZ Corp,969612.84,APPROVED,Finance Controller
INV-14101,Horizon Foods,934930.22,PENDING,Finance Controller
INV-14107,Delta Ltd,916854.0,PENDING,Finance Controller
INV-14112,Kaveri Chemicals,921915.0,APPROVED,Finance Controller
INV-14144,Global Office Mart,901804.91,PENDING,Finance Controller
INV-14157,Delta Ltd,951663.4,PENDING,Finance Controller
INV-14160,Kaveri Chemicals,904960.0,PENDING,Finance Controller
INV-14171,Jupiter Steel,908385.28,APPROVED,Finance Controller
INV-14188,ABC Ltd,953804.0,APPROVED,Finance Controller
INV-14194,Horizon Foods,936625.0,APPROVED,Finance Controller
INV-14208,Falcon Tech,973524.0,PENDING,Finance Controller
INV-14209,Nova Inc,938156.0,PENDING,Finance Controller
INV-14219,XYZ Corp,985032.3,APPROVED,Finance Controller
INV-14230,Global Office Mart,993050.0,PENDING,Finance Controller
INV-14240,Indigo Print Works,925526.0,PENDING,Finance Controller
INV-14253,Global Office Mart,973867.16,PENDING,Finance Controller
INV-14264,Indigo Print Works,936429.65,APPROVED,Finance Controller
INV-14273,Apex Supplies,924094.2,APPROVED,Finance Controller
INV-14301,Kaveri Chemicals,934132.61,PENDING,Finance Controller
INV-14302,Apex Supplies,954156.69,PENDING,Finance Controller
INV-14306,Lotus Packaging,913028.0,REVIEW,Finance Controller
INV-14315,XYZ Corp,999378.0,PENDING,Finance Controller
INV-14321,Lotus Packaging,977649.0,REVIEW,Finance Controller
INV-14330,Delta Ltd,901687.39,PENDING,Finance Controller
INV-14343,Jupiter Steel,900759.0,PENDING,Finance Controller
INV-14361,Falcon Tech,961880.3,APPROVED,Finance Controller
INV-14373,ABC Ltd,996933.0,APPROVED,Finance Controller
INV-14375,Nova Inc,935844.0,PENDING,Finance Controller
INV-14391,Apex Supplies,938240.0,APPROVED,Finance Controller
INV-14393,Delta Ltd,951146.99,PENDING,Finance Controller
INV-14396,ABC Ltd,913706.36,REVIEW,Finance Controller
INV-14404,Nova Inc,951197.19,REVIEW,Finance Controller
INV-14410,Falcon Tech,996248.6,PENDING,Finance Controller
INV-14417,ABC Ltd,915825.3,REVIEW,Finance Controller
INV-14425,Indigo Print Works,943375.3,,Finance Controller
INV-14426,Kaveri Chemicals,937851.0,PENDING,Finance Controller
INV-14427,Falcon Tech,970515.0,PENDING,Finance Controller
INV-14431,Bright Logistics,949105.19,REVIEW,Finance Controller
INV-14432,Bright Logistics,906079.0,,Finance Controller
INV-14436,Jupiter Steel,949146.0,PENDING,Finance Controller
INV-14464,Jupiter Steel,903717.6,PENDING,Finance Controller
INV-14465,Kaveri Chemicals,922871.3,PENDING,Finance Controller
INV-14470,Delta Ltd,986150.88,PENDING,Finance Controller
INV-14513,ABC Ltd,981523.21,PENDING,Finance Controller
INV-14514,Falcon Tech,921426.81,PENDING,Finance Controller
INV-14525,ABC Ltd,940640.0,PENDING,Finance Controller
INV-14530,Jupiter Steel,992966.0,PENDING,Finance Controller
INV-14538,Delta Ltd,992547.85,PENDING,Finance Controller
INV-14546,Horizon Foods,937246.6,PENDING,Finance Controller
INV-14564,Delta Ltd,915116.9,PENDING,Finance Controller
INV-14581,Nova Inc,918875.2,PENDING,Finance Controller
INV-14592,Delta Ltd,919857.5,APPROVED,Finance Controller
INV-14604,Global Office Mart,929465.39,PENDING,Finance Controller
INV-14607,Bright Logistics,938782.0,PENDING,Finance Controller
INV-14670,Global Office Mart,923685.1,PENDING,Finance Controller
INV-14676,Jupiter Steel,918442.2,PENDING,Finance Controller
INV-14684,XYZ Corp,964445.0,PENDING,Finance Controller
INV-14694,Nova Inc,995970.12,PENDING,Finance Controller
INV-14703,Horizon Foods,976127.07,PENDING,Finance Controller
INV-14713,Falcon Tech,930444.12,PENDING,Finance Controller
INV-14720,Jupiter Steel,900426.0,PENDING,Finance Controller
INV-14730,Apex Supplies,980478.4,PENDING,Finance Controller
INV-14733,Nova Inc,924807.1,REVIEW,Finance Controller
INV-14737,Apex Supplies,983834.81,PENDING,Finance Controller
INV-14739,Kaveri Chemicals,972426.39,APPROVED,Finance Controller
INV-14755,Delta Ltd,972061.1,PENDING,Finance Controller
INV-14773,Apex Supplies,951128.48,PENDING,Finance Controller
INV-14779,Global Office Mart,975465.2,PENDING,Finance Controller
INV-14812,XYZ Corp,989445.93,PENDING,Finance Controller
INV-14826,Delta Ltd,971741.0,REVIEW,Finance Controller
INV-14838,Apex Supplies,961314.0,PENDING,Finance Controller
INV-14843,Falcon Tech,943206.15,PENDING,Finance Controller
INV-14870,XYZ Corp,965529.5,PENDING,Finance Controller
INV-14906,Global Office Mart,996861.49,APPROVED,Finance Controller
INV-14921,Kaveri Chemicals,942473.0,PENDING,Finance Controller
INV-14933,Jupiter Steel,929385.0,PENDING,Finance Controller
INV-14940,Nova Inc,956474.0,PENDING,Finance Controller
INV-14966,Delta Ltd,946981.0,APPROVED,Finance Controller
INV-14980,XYZ Corp,960568.96,PENDING,Finance Controller
INV-14988,ABC Ltd,902748.0,PENDING,Finance Controller
INV-14990,Global Office Mart,950555.1,PENDING,Finance Controller
INV-14995,Global Office Mart,954651.49,PENDING,Finance Controller
INV-15004,,900258.0,PENDING,Finance Controller
INV-15009,Lotus Packaging,945339.0,PENDING,Finance Controller
INV-15010,Bright Logistics,916959.8,APPROVED,Finance Controller
INV-15012,Lotus Packaging,979624.78,APPROVED,Finance Controller
INV-15017,Delta Ltd,948301.0,PENDING,Finance Controller
INV-15103,Bright Logistics,991238.7,PENDING,Finance Controller
INV-15104,Lotus Packaging,944198.3,,Finance Controller
INV-15107,Lotus Packaging,983377.0,PENDING,Finance Controller
INV-15123,Kaveri Chemicals,903168.0,PENDING,Finance Controller
INV-15137,Bright Logistics,954652.5,PENDING,Finance Controller
INV-15158,Jupiter Steel,960114.6,APPROVED,Finance Controller
INV-15182,XYZ Corp,959340.2,PENDING,Finance Controller
INV-15196,Global Office Mart,912201.2,APPROVED,Finance Controller
INV-15204,ABC Ltd,936619.98,PENDING,Finance Controller
INV-15213,Nova Inc,949321.06,PENDING,Finance Controller
INV-15233,Nova Inc,905322.0,APPROVED,Finance Controller
INV-15240,Kaveri Chemicals,957169.0,REVIEW,Finance Controller
INV-15244,,976742.0,PENDING,Finance Controller
INV-15249,Falcon Tech,995860.94,REVIEW,Finance Controller
INV-15257,Global Office Mart,946793.7,PENDING,Finance Controller
INV-15271,Falcon Tech,935018.7,PENDING,Finance Controller
INV-15319,Lotus Packaging,972015.2,PENDING,Finance Controller
INV-15324,ABC Ltd,914245.0,APPROVED,Finance Controller
INV-15326,Global Office Mart,917697.5,APPROVED,Finance Controller
INV-15333,XYZ Corp,904609.8,APPROVED,Finance Controller
INV-15336,Apex Supplies,906821.02,PENDING,Finance Controller
INV-15345,Delta Ltd,962635.54,PENDING,Finance Controller
INV-15357,Indigo Print Works,999179.78,PENDING,Finance Controller
INV-15366,Horizon Foods,988743.1,PENDING,Finance Controller
INV-15381,Indigo Print Works,985370.53,REVIEW,Finance Controller
INV-15397,Delta Ltd,932380.0,PENDING,Finance Controller
INV-15399,Indigo Print Works,989443.0,PENDING,Finance Controller
INV-15405,Bright Logistics,925721.68,PENDING,Finance Controller
INV-15416,Falcon Tech,925928.1,APPROVED,Finance Controller
INV-15427,Global Office Mart,974301.0,PENDING,Finance Controller
INV-15452,Kaveri Chemicals,906961.8,PENDING,Finance Controller
INV-15454,Lotus Packaging,922139.2,PENDING,Finance Controller
INV-15461,Kaveri Chemicals,924754.5,PENDING,Finance Controller
INV-15476,Delta Ltd,979958.0,PENDING,Finance Controller
INV-15491,Horizon Foods,901546.99,PENDING,Finance Controller
INV-15494,Horizon Foods,915125.0,PENDING,Finance Controller
INV-15523,Delta Ltd,977720.82,APPROVED,Finance Controller
INV-15540,Lotus Packaging,986039.5,PENDING,Finance Controller
INV-15543,Jupiter Steel,977783.9,PENDING,Finance Controller
INV-15545,Lotus Packaging,967489.3,REVIEW,Finance Controller
INV-15564,Lotus Packaging,969881.9,PENDING,Finance Controller
INV-15568,Indigo Print Works,998882.0,PENDING,Finance Controller
INV-15597,Bright Logistics,912559.43,PENDING,Finance Controller
INV-15602,Falcon Tech,980077.4,PENDING,Finance Controller
INV-15608,Delta Ltd,902853.7,PENDING,Finance Controller
INV-15635,Delta Ltd,915428.76,REVIEW,Finance Controller
INV-15638,Bright Logistics,924451.0,APPROVED,Finance Controller
INV-15664,Jupiter Steel,966993.0,PENDING,Finance Controller
INV-15675,Delta Ltd,994147.7,PENDING,Finance Controller
INV-15682,Lotus Packaging,901846.0,PENDING,Finance Controller
INV-15704,Global Office Mart,901001.0,PENDING,Finance Controller
INV-15707,Indigo Print Works,936814.46,PENDING,Finance Controller
INV-15719,Indigo Print Works,983641.0,PENDING,Finance Controller
INV-15731,Nova Inc,920173.74,PENDING,Finance Controller
INV-15733,Lotus Packaging,915124.6,PENDING,Finance Controller
INV-15743,Apex Supplies,953587.33,PENDING,Finance Controller
INV-15764,Indigo Print Works,946703.32,REVIEW,Finance Controller
INV-15777,Horizon Foods,917493.0,PENDING,Finance Controller
INV-15800,Global Office Mart,959333.6,PENDING,Finance Controller
INV-15801,Delta Ltd,900042.73,PENDING,Finance Controller
INV-15837,Kaveri Chemicals,947930.0,REVIEW,Finance Controller
INV-15850,Indigo Print Works,966166.0,PENDING,Finance Controller
INV-15851,Jupiter Steel,932235.26,PENDING,Finance Controller
INV-15852,XYZ Corp,972412.0,PENDING,Finance Controller
INV-15871,Indigo Print Works,912911.0,PENDING,Finance Controller
INV-15872,Indigo Print Works,997203.27,APPROVED,Finance Controller
INV-15874,Horizon Foods,993313.0,APPROVED,Finance Controller
INV-15896,Lotus Packaging,956020.11,PENDING,Finance Controller
INV-15902,Apex Supplies,972436.0,PENDING,Finance Controller
INV-15903,ABC Ltd,907788.0,REVIEW,Finance Controller
INV-15906,Jupiter Steel,986621.01,PENDING,Finance Controller
INV-15921,Delta Ltd,968614.63,PENDING,Finance Controller
INV-15925,Nova Inc,966714.0,PENDING,Finance Controller
INV-15927,Lotus Packaging,919093.0,PENDING,Finance Controller
INV-15952,Horizon Foods,931844.0,APPROVED,Finance Controller
INV-15970,Kaveri Chemicals,996087.0,PENDING,Finance Controller
INV-15978,Apex Supplies,929913.2,PENDING,Finance Controller
INV-15983,Jupiter Steel,924098.0,PENDING,Finance Controller
INV-15985,Falcon Tech,919389.52,REVIEW,Finance Controller
INV-15986,Global Office Mart,994505.35,APPROVED,Finance Controller
INV-16003,XYZ Corp,910435.4,PENDING,Finance Controller
INV-16005,Horizon Foods,961402.69,PENDING,Finance Controller
INV-16010,Kaveri Chemicals,964317.5,PENDING,Finance Controller
INV-16020,Falcon Tech,985105.61,PENDING,Finance Controller
INV-16027,Horizon Foods,955917.0,PENDING,Finance Controller
INV-16032,ABC Ltd,981935.5,PENDING,Finance Controller
INV-16035,Kaveri Chemicals,925051.9,PENDING,Finance Controller
INV-16036,Global Office Mart,913408.4,APPROVED,Finance Controller
INV-16050,Jupiter Steel,913691.0,APPROVED,Finance Controller
INV-16056,Apex Supplies,978402.75,PENDING,Finance Controller
INV-16062,Nova Inc,920233.2,PENDING,Finance Controller
INV-16069,Delta Ltd,911322.84,PENDING,Finance Controller
INV-16070,Falcon Tech,947517.27,PENDING,Finance Controller
INV-16071,Jupiter Steel,933684.0,APPROVED,Finance Controller
INV-16077,Falcon Tech,997243.5,PENDING,Finance Controller
INV-16091,Apex Supplies,918642.7,PENDING,Finance Controller
INV-16093,Delta Ltd,961629.0,PENDING,Finance Controller
INV-16101,Jupiter Steel,994748.0,PENDING,Finance Controller
INV-16130,Indigo Print Works,910075.62,PENDING,Finance Controller
INV-16133,Kaveri Chemicals,939948.7,PENDING,Finance Controller
INV-16148,XYZ Corp,959432.44,PENDING,Finance Controller
INV-16154,Horizon Foods,943117.0,PENDING,Finance Controller
INV-16160,Horizon Foods,950873.2,PENDING,Finance Controller
INV-16173,XYZ Corp,905864.0,PENDING,Finance Controller
INV-16178,,955915.75,APPROVED,Finance Controller
INV-16191,Apex Supplies,982837.0,PENDING,Finance Controller
INV-16194,Horizon Foods,984480.0,PENDING,Finance Controller
INV-16213,Global Office Mart,966891.72,REVIEW,Finance Controller
INV-16220,Kaveri Chemicals,957347.0,PENDING,Finance Controller
INV-16227,Delta Ltd,948804.0,APPROVED,Finance Controller
INV-16229,Apex Supplies,923702.7,PENDING,Finance Controller
INV-16243,Jupiter Steel,977557.0,PENDING,Finance Controller
INV-16247,Indigo Print Works,928344.0,REVIEW,Finance Controller
INV-16272,Nova Inc,993778.0,APPROVED,Finance Controller
INV-16276,Global Office Mart,999322.33,PENDING,Finance Controller
INV-16283,Apex Supplies,944557.0,PENDING,Finance Controller
INV-16287,Lotus Packaging,908549.97,PENDING,Finance Controller
INV-16292,Global Office Mart,978842.0,APPROVED,Finance Controller
INV-16293,Global Office Mart,990230.0,PENDING,Finance Controller
INV-16294,,996041.97,APPROVED,Finance Controller
INV-16307,Kaveri Chemicals,949974.0,PENDING,Finance Controller
INV-16314,Indigo Print Works,958451.77,PENDING,Finance Controller
INV-16355,XYZ Corp,965548.0,PENDING,Finance Controller
INV-16364,Apex Supplies,910057.0,PENDING,Finance Controller
INV-16368,Horizon Foods,951495.4,PENDING,Finance Controller
INV-16372,Lotus Packaging,952101.18,PENDING,Finance Controller
INV-16380,,993735.76,PENDING,Finance Controller
INV-16400,Indigo Print Works,997501.0,APPROVED,Finance Controller
INV-16405,Lotus Packaging,950556.2,PENDING,Finance Controller
INV-16408,XYZ Corp,917925.0,REVIEW,Finance Controller
INV-16416,Jupiter Steel,964127.19,PENDING,Finance Controller
INV-16419,Nova Inc,988663.79,PENDING,Finance Controller
INV-16435,Delta Ltd,995973.83,PENDING,Finance Controller
INV-16448,Kaveri Chemicals,976530.57,PENDING,Finance Controller
INV-16450,ABC Ltd,913877.32,PENDING,Finance Controller
INV-16487,Indigo Print Works,933874.8,PENDING,Finance Controller
INV-16491,Nova Inc,952439.0,PENDING,Finance Controller
INV-16494,ABC Ltd,909672.0,PENDING,Finance Controller
INV-16496,Indigo Print Works,913959.0,PENDING,Finance Controller
INV-16507,Kaveri Chemicals,956900.96,APPROVED,Finance Controller
INV-16509,ABC Ltd,948759.83,PENDING,Finance Controller
INV-16519,ABC Ltd,996184.0,APPROVED,Finance Controller
INV-16524,Horizon Foods,993692.7,PENDING,Finance Controller
INV-16526,Horizon Foods,994378.0,PENDING,Finance Controller
INV-16543,Lotus Packaging,900045.0,PENDING,Finance Controller
INV-16547,ABC Ltd,910955.0,APPROVED,Finance Controller
INV-16555,Falcon Tech,927312.9,PENDING,Finance Controller
INV-16561,Kaveri Chemicals,959723.0,APPROVED,Finance Controller
INV-16564,ABC Ltd,946344.18,PENDING,Finance Controller
INV-16570,Lotus Packaging,978564.0,PENDING,Finance Controller
INV-16581,Delta Ltd,987262.66,PENDING,Finance Controller
INV-16593,Lotus Packaging,939878.0,APPROVED,Finance Controller
INV-16604,Falcon Tech,929098.6,PENDING,Finance Controller
INV-16606,Falcon Tech,982119.6,REVIEW,Finance Controller
INV-16608,Apex Supplies,968989.11,PENDING,Finance Controller
INV-16624,Lotus Packaging,993742.8,PENDING,Finance Controller
INV-16627,XYZ Corp,993000.8,PENDING,Finance Controller
INV-16632,Bright Logistics,921047.0,PENDING,Finance Controller
INV-16639,ABC Ltd,976417.5,PENDING,Finance Controller
INV-16642,Horizon Foods,909366.4,PENDING,Finance Controller
INV-16654,Kaveri Chemicals,999148.14,PENDING,Finance Controller
INV-16677,Jupiter Steel,966453.53,PENDING,Finance Controller
INV-16680,Nova Inc,981598.64,PENDING,Finance Controller
INV-16683,Delta Ltd,996631.0,APPROVED,Finance Controller
INV-16684,Kaveri Chemicals,993256.7,PENDING,Finance Controller
INV-16685,Bright Logistics,943308.23,APPROVED,Finance Controller
INV-16707,XYZ Corp,994450.0,PENDING,Finance Controller
INV-16708,XYZ Corp,913030.5,PENDING,Finance Controller
INV-16719,Horizon Foods,930723.0,PENDING,Finance Controller
INV-16725,Kaveri Chemicals,930946.8,PENDING,Finance Controller
INV-16748,ABC Ltd,919147.0,PENDING,Finance Controller
INV-16763,Jupiter Steel,922557.6,PENDING,Finance Controller
INV-16766,Falcon Tech,987156.0,PENDING,Finance Controller
INV-16777,Jupiter Steel,960734.06,APPROVED,Finance Controller
INV-16781,Global Office Mart,954526.0,PENDING,Finance Controller
INV-16807,Horizon Foods,936408.0,PENDING,Finance Controller
INV-16823,XYZ Corp,923839.0,REVIEW,Finance Controller
INV-16825,Jupiter Steel,904538.3,APPROVED,Finance Controller
INV-16839,Indigo Print Works,927343.2,PENDING,Finance Controller
INV-16848,Delta Ltd,983789.92,PENDING,Finance Controller
INV-16853,Bright Logistics,914777.5,PENDING,Finance Controller
INV-16859,Bright Logistics,987830.14,PENDING,Finance Controller
INV-16881,Global Office Mart,944695.13,PENDING,Finance Controller
INV-16884,Global Office Mart,929471.0,PENDING,Finance Controller
INV-16888,Bright Logistics,990255.78,REVIEW,Finance Controller
INV-16892,Apex Supplies,934724.0,PENDING,Finance Controller
INV-16893,Nova Inc,986038.7,PENDING,Finance Controller
INV-16894,Jupiter Steel,905824.02,REVIEW,Finance Controller
INV-16896,Global Office Mart,966826.2,PENDING,Finance Controller
INV-16907,ABC Ltd,937637.1,PENDING,Finance Controller
INV-16911,XYZ Corp,926211.92,PENDING,Finance Controller
INV-16913,Bright Logistics,922365.82,REVIEW,Finance Controller
INV-16919,Lotus Packaging,901754.0,PENDING,Finance Controller
INV-16934,Falcon Tech,931611.6,PENDING,Finance Controller
INV-16950,Falcon Tech,991272.05,APPROVED,Finance Controller
INV-16960,Lotus Packaging,988006.34,REVIEW,Finance Controller
INV-17012,Kaveri Chemicals,900548.9,APPROVED,Finance Controller
INV-17015,Indigo Print Works,945798.17,APPROVED,Finance Controller
INV-17022,Bright Logistics,992047.0,PENDING,Finance Controller
INV-17025,Indigo Print Works,975144.6,PENDING,Finance Controller
INV-17027,Delta Ltd,974680.0,PENDING,Finance Controller
INV-17034,Nova Inc,960325.32,APPROVED,Finance Controller
INV-17043,XYZ Corp,924904.5,PENDING,Finance Controller
INV-17049,Indigo Print Works,990786.82,PENDING,Finance Controller
INV-17070,Apex Supplies,950106.1,PENDING,Finance Controller
INV-17093,XYZ Corp,966530.0,PENDING,Finance Controller
INV-17104,Nova Inc,916450.1,PENDING,Finance Controller
INV-17108,Nova Inc,977164.06,PENDING,Finance Controller
INV-17115,Falcon Tech,943164.8,APPROVED,Finance Controller
INV-17122,Falcon Tech,981938.0,PENDING,Finance Controller
INV-17123,Jupiter Steel,934864.53,PENDING,Finance Controller
INV-17136,Kaveri Chemicals,925634.12,APPROVED,Finance Controller
INV-17148,Falcon Tech,959114.0,PENDING,Finance Controller
INV-17149,Lotus Packaging,981805.2,APPROVED,Finance Controller
INV-17158,Global Office Mart,926901.36,APPROVED,Finance Controller
INV-17167,Lotus Packaging,986971.5,APPROVED,Finance Controller
INV-17172,Apex Supplies,992603.79,REVIEW,Finance Controller
INV-17200,ABC Ltd,918821.53,PENDING,Finance Controller
INV-17202,Delta Ltd,921207.0,APPROVED,Finance Controller
INV-17203,Bright Logistics,964650.6,PENDING,Finance Controller
INV-17208,Nova Inc,908194.0,REVIEW,Finance Controller
INV-17212,Global Office Mart,932956.0,APPROVED,Finance Controller
INV-17222,Jupiter Steel,999969.0,PENDING,Finance Controller
INV-17236,Jupiter Steel,956526.8,REVIEW,Finance Controller
INV-17249,Global Office Mart,953791.9,APPROVED,Finance Controller
INV-17278,XYZ Corp,986956.4,PENDING,Finance Controller
INV-17294,Global Office Mart,948744.69,PENDING,Finance Controller
INV-17309,XYZ Corp,958351.0,PENDING,Finance Controller
INV-17311,Horizon Foods,988577.8,REVIEW,Finance Controller
INV-17313,Global Office Mart,971984.06,PENDING,Finance Controller
INV-17316,ABC Ltd,927222.4,REVIEW,Finance Controller
INV-17319,Nova Inc,939893.14,PENDING,Finance Controller
INV-17322,Jupiter Steel,930552.4,APPROVED,Finance Controller
INV-17323,XYZ Corp,958853.0,PENDING,Finance Controller
INV-17326,Indigo Print Works,964055.93,PENDING,Finance Controller
INV-17329,Lotus Packaging,918954.87,PENDING,Finance Controller
INV-17332,ABC Ltd,944278.82,REVIEW,Finance Controller
INV-17345,Kaveri Chemicals,909374.0,REVIEW,Finance Controller
INV-17348,Falcon Tech,963995.5,PENDING,Finance Controller
INV-17355,Kaveri Chemicals,915720.5,PENDING,Finance Controller
INV-17372,ABC Ltd,946774.81,APPROVED,Finance Controller
INV-17374,Apex Supplies,982973.0,PENDING,Finance Controller
INV-17386,Indigo Print Works,988683.2,PENDING,Finance Controller
INV-17387,Global Office Mart,963140.0,PENDING,Finance Controller
INV-17388,Apex Supplies,979335.7,PENDING,Finance Controller
INV-17389,Global Office Mart,923478.66,PENDING,Finance Controller
INV-17418,,937450.72,PENDING,Finance Controller
INV-17432,Horizon Foods,946012.9,PENDING,Finance Controller
INV-17444,XYZ Corp,962236.5,PENDING,Finance Controller
INV-17452,Jupiter Steel,948449.0,REVIEW,Finance Controller
INV-17456,Apex Supplies,928974.0,APPROVED,Finance Controller
INV-17462,Horizon Foods,905171.0,PENDING,Finance Controller
INV-17472,Jupiter Steel,921613.6,PENDING,Finance Controller
INV-17485,Jupiter Steel,978407.2,PENDING,Finance Controller
INV-17493,Kaveri Chemicals,939701.0,PENDING,Finance Controller
INV-17496,Kaveri Chemicals,956642.78,REVIEW,Finance Controller
INV-17497,Horizon Foods,989260.0,PENDING,Finance Controller
INV-17508,Lotus Packaging,930018.43,PENDING,Finance Controller
INV-17509,Indigo Print Works,930848.9,APPROVED,Finance Controller
INV-17510,Global Office Mart,986445.3,REVIEW,Finance Controller
INV-17517,Indigo Print Works,913755.2,PENDING,Finance Controller
INV-17525,Bright Logistics,942879.0,PENDING,Finance Controller
INV-17529,Global Office Mart,996678.85,REVIEW,Finance Controller
INV-17530,Nova Inc,951940.0,APPROVED,Finance Controller
INV-17533,Global Office Mart,942381.1,PENDING,Finance Controller
INV-17540,Nova Inc,950340.0,APPROVED,Finance Controller
INV-17544,Delta Ltd,995150.9,PENDING,Finance Controller
INV-17546,Lotus Packaging,990280.0,PENDING,Finance Controller
INV-17551,Kaveri Chemicals,904091.9,APPROVED,Finance Controller
INV-17570,Horizon Foods,920183.0,APPROVED,Finance Controller
INV-17573,Kaveri Chemicals,972401.1,PENDING,Finance Controller
INV-17582,ABC Ltd,918788.0,PENDING,Finance Controller
INV-17604,Bright Logistics,906712.0,REVIEW,Finance Controller
INV-17611,Bright Logistics,935449.1,REVIEW,Finance Controller
INV-17614,Nova Inc,902150.0,PENDING,Finance Controller
INV-17621,Horizon Foods,950851.0,PENDING,Finance Controller
INV-17628,XYZ Corp,989440.72,APPROVED,Finance Controller
INV-17643,Nova Inc,959818.24,APPROVED,Finance Controller
INV-17647,Lotus Packaging,947239.0,PENDING,Finance Controller
INV-17649,Lotus Packaging,993411.5,PENDING,Finance Controller
INV-17653,Falcon Tech,966451.51,APPROVED,Finance Controller
INV-17663,,938228.0,APPROVED,Finance Controller
INV-17712,Jupiter Steel,983438.4,PENDING,Finance Controller
INV-17725,Apex Supplies,972125.0,APPROVED,Finance Controller
INV-17734,Jupiter Steel,910612.2,PENDING,Finance Controller
INV-17741,Bright Logistics,919889.09,PENDING,Finance Controller
INV-17748,Indigo Print Works,977852.0,PENDING,Finance Controller
INV-17791,Horizon Foods,936288.2,PENDING,Finance Controller
INV-17795,Nova Inc,928838.5,PENDING,Finance Controller
INV-17808,Bright Logistics,947037.0,APPROVED,Finance Controller
INV-17819,ABC Ltd,992101.52,APPROVED,Finance Controller
INV-17825,Bright Logistics,920258.0,PENDING,Finance Controller
INV-17845,ABC Ltd,948112.7,REVIEW,Finance Controller
INV-17849,Indigo Print Works,941402.0,REVIEW,Finance Controller
INV-17852,Global Office Mart,958898.4,PENDING,Finance Controller
INV-17858,Bright Logistics,931248.92,PENDING,Finance Controller
INV-17868,Nova Inc,947697.1,PENDING,Finance Controller
INV-17874,Indigo Print Works,949786.8,REVIEW,Finance Controller
INV-17901,ABC Ltd,942803.0,REVIEW,Finance Controller
INV-17905,Delta Ltd,914747.2,PENDING,Finance Controller
INV-17906,Jupiter Steel,926373.0,PENDING,Finance Controller
INV-17909,Horizon Foods,902787.9,PENDING,Finance Controller
INV-17913,Bright Logistics,977009.0,PENDING,Finance Controller
INV-17919,Horizon Foods,911691.0,PENDING,Finance Controller
INV-17926,Horizon Foods,916900.0,PENDING,Finance Controller
INV-17959,Nova Inc,922423.1,APPROVED,Finance Controller
INV-17979,Apex Supplies,984271.36,PENDING,Finance Controller
INV-17982,Bright Logistics,986335.21,REVIEW,Finance Controller
INV-17989,Bright Logistics,931260.0,PENDING,Finance Controller
INV-17995,Nova Inc,909913.0,PENDING,Finance Controller
INV-17996,Nova Inc,987201.69,PENDING,Finance Controller
INV-18018,Indigo Print Works,906632.0,APPROVED,Finance Controller
INV-18028,,949361.0,PENDING,Finance Controller
INV-18029,Indigo Print Works,949121.87,PENDING,Finance Controller
INV-18032,Apex Supplies,954153.1,PENDING,Finance Controller
INV-18055,Global Office Mart,951946.7,APPROVED,Finance Controller
INV-18062,Indigo Print Works,952217.1,PENDING,Finance Controller
INV-18070,,993294.62,REVIEW,Finance Controller
INV-18075,Global Office Mart,982404.28,PENDING,Finance Controller
INV-18089,,946314.0,PENDING,Finance Controller
INV-18093,Global Office Mart,980167.72,PENDING,Finance Controller
INV-18096,Kaveri Chemicals,902866.81,PENDING,Finance Controller
INV-18102,Kaveri Chemicals,928934.0,PENDING,Finance Controller
INV-18123,Nova Inc,966978.82,PENDING,Finance Controller
INV-18124,,966219.8,REVIEW,Finance Controller
INV-18125,Lotus Packaging,968244.58,PENDING,Finance Controller
INV-18141,Falcon Tech,923926.8,PENDING,Finance Controller
INV-18145,XYZ Corp,993508.0,PENDING,Finance Controller
INV-18155,Global Office Mart,919724.17,PENDING,Finance Controller
INV-18156,Nova Inc,945956.7,PENDING,Finance Controller
INV-18157,Lotus Packaging,934590.0,PENDING,Finance Controller
INV-18185,Kaveri Chemicals,968461.8,PENDING,Finance Controller
INV-18187,Nova Inc,949611.98,PENDING,Finance Controller
INV-18196,,995548.0,PENDING,Finance Controller
INV-18197,Jupiter Steel,941158.27,PENDING,Finance Controller
INV-18257,Falcon Tech,979367.1,APPROVED,Finance Controller
INV-18264,Falcon Tech,950240.0,APPROVED,Finance Controller
INV-18305,Nova Inc,935575.9,PENDING,Finance Controller
INV-18329,XYZ Corp,924726.5,APPROVED,Finance Controller
INV-18338,Falcon Tech,927652.79,PENDING,Finance Controller
INV-18344,Lotus Packaging,946317.92,APPROVED,Finance Controller
INV-18354,Horizon Foods,960795.0,PENDING,Finance Controller
INV-18377,Horizon Foods,969192.0,PENDING,Finance Controller
INV-18381,Indigo Print Works,986491.0,PENDING,Finance Controller
INV-18432,Horizon Foods,909426.97,PENDING,Finance Controller
INV-18434,Apex Supplies,901311.26,PENDING,Finance Controller
INV-18446,Apex Supplies,988464.4,PENDING,Finance Controller
INV-18448,Lotus Packaging,914631.0,APPROVED,Finance Controller
INV-18454,ABC Ltd,998676.4,PENDING,Finance Controller
INV-18466,Delta Ltd,967774.2,PENDING,Finance Controller
INV-18468,Indigo Print Works,951306.28,,Finance Controller
INV-18472,Indigo Print Works,961832.35,PENDING,Finance Controller
INV-18487,XYZ Corp,914149.2,PENDING,Finance Controller
INV-18493,Global Office Mart,935913.23,PENDING,Finance Controller
INV-18494,Horizon Foods,984486.0,PENDING,Finance Controller
INV-18504,Delta Ltd,924604.0,,Finance Controller
INV-18518,Bright Logistics,983075.2,PENDING,Finance Controller
INV-18527,Kaveri Chemicals,987434.0,PENDING,Finance Controller
INV-18530,Lotus Packaging,955986.1,REVIEW,Finance Controller
INV-18531,Bright Logistics,946358.04,PENDING,Finance Controller
INV-18552,Jupiter Steel,992937.7,PENDING,Finance Controller
INV-18568,Lotus Packaging,929944.0,REVIEW,Finance Controller
INV-18576,Apex Supplies,998699.9,PENDING,Finance Controller
INV-18586,Bright Logistics,902824.0,APPROVED,Finance Controller
INV-18587,ABC Ltd,996937.93,PENDING,Finance Controller
INV-18601,Delta Ltd,920177.0,PENDING,Finance Controller
INV-18606,XYZ Corp,933503.0,PENDING,Finance Controller
INV-18620,Lotus Packaging,944466.0,PENDING,Finance Controller
INV-18639,Delta Ltd,928685.0,APPROVED,Finance Controller
INV-18648,Bright Logistics,977003.13,APPROVED,Finance Controller
INV-18673,Bright Logistics,940771.0,PENDING,Finance Controller
INV-18715,Bright Logistics,967339.0,PENDING,Finance Controller
INV-18731,Delta Ltd,930282.75,APPROVED,Finance Controller
INV-18748,Indigo Print Works,963573.7,APPROVED,Finance Controller
INV-18759,Nova Inc,951686.0,APPROVED,Finance Controller
INV-18761,XYZ Corp,944585.56,PENDING,Finance Controller
INV-18782,Falcon Tech,952318.0,REVIEW,Finance Controller
INV-18792,Global Office Mart,906235.0,PENDING,Finance Controller
INV-18819,Nova Inc,957970.57,APPROVED,Finance Controller
INV-18829,Kaveri Chemicals,933891.61,PENDING,Finance Controller
INV-18839,Delta Ltd,928451.0,PENDING,Finance Controller
INV-18872,XYZ Corp,917816.49,PENDING,Finance Controller
INV-18874,Delta Ltd,967328.58,PENDING,Finance Controller
INV-18903,Bright Logistics,959176.0,PENDING,Finance Controller
INV-18912,Bright Logistics,983893.0,PENDING,Finance Controller
INV-18913,Kaveri Chemicals,959028.3,PENDING,Finance Controller
INV-18925,Indigo Print Works,929769.0,PENDING,Finance Controller
INV-18950,Jupiter Steel,955239.3,PENDING,Finance Controller
INV-18955,Indigo Print Works,991780.0,PENDING,Finance Controller
INV-18960,Kaveri Chemicals,951948.26,PENDING,Finance Controller
INV-18964,Apex Supplies,940655.0,REVIEW,Finance Controller
INV-18965,XYZ Corp,975063.0,PENDING,Finance Controller
INV-18966,Kaveri Chemicals,932854.0,PENDING,Finance Controller
INV-18985,Nova Inc,906533.0,PENDING,Finance Controller
INV-18987,XYZ Corp,945501.6,PENDING,Finance Controller
INV-19010,Bright Logistics,996701.76,PENDING,Finance Controller
INV-19029,XYZ Corp,939541.0,APPROVED,Finance Controller
INV-19060,Lotus Packaging,988437.0,APPROVED,Finance Controller
INV-19063,Lotus Packaging,917979.0,PENDING,Finance Controller
INV-19077,Kaveri Chemicals,965388.79,PENDING,Finance Controller
INV-19083,Jupiter Steel,969728.0,PENDING,Finance Controller
INV-19106,XYZ Corp,977926.0,PENDING,Finance Controller
INV-19144,Jupiter Steel,955423.0,APPROVED,Finance Controller
INV-19151,Jupiter Steel,907866.54,APPROVED,Finance Controller
INV-19160,Kaveri Chemicals,970201.0,PENDING,Finance Controller
INV-19163,Delta Ltd,998025.3,APPROVED,Finance Controller
INV-19183,Apex Supplies,995427.0,PENDING,Finance Controller
INV-19185,ABC Ltd,977933.89,APPROVED,Finance Controller
INV-19219,Delta Ltd,997438.1,PENDING,Finance Controller
INV-19220,Nova Inc,983831.2,PENDING,Finance Controller
INV-19228,Global Office Mart,943304.0,PENDING,Finance Controller
INV-19239,Bright Logistics,985341.09,APPROVED,Finance Controller
INV-19244,Global Office Mart,926164.75,PENDING,Finance Controller
INV-19265,ABC Ltd,990741.3,PENDING,Finance Controller
INV-19280,XYZ Corp,942589.0,PENDING,Finance Controller
INV-19291,XYZ Corp,980236.5,APPROVED,Finance Controller
INV-19298,Falcon Tech,919418.6,APPROVED,Finance Controller
INV-19315,Global Office Mart,951374.7,PENDING,Finance Controller
INV-19317,Indigo Print Works,916442.0,PENDING,Finance Controller
INV-19327,Delta Ltd,970517.86,APPROVED,Finance Controller
INV-19351,Jupiter Steel,901419.7,APPROVED,Finance Controller
INV-19357,Nova Inc,923380.0,PENDING,Finance Controller
INV-19387,Horizon Foods,901899.0,REVIEW,Finance Controller
INV-19388,Apex Supplies,910474.5,PENDING,Finance Controller
INV-19400,Lotus Packaging,904925.98,PENDING,Finance Controller
INV-19422,XYZ Corp,966457.14,PENDING,Finance Controller
INV-19450,Lotus Packaging,963428.2,REVIEW,Finance Controller
INV-19466,XYZ Corp,914059.56,PENDING,Finance Controller
INV-19481,Indigo Print Works,905042.58,PENDING,Finance Controller
INV-19486,ABC Ltd,949665.2,PENDING,Finance Controller
INV-19492,Horizon Foods,923937.03,PENDING,Finance Controller
INV-19495,Falcon Tech,982534.78,PENDING,Finance Controller
INV-19513,Delta Ltd,990146.49,PENDING,Finance Controller
INV-19515,Kaveri Chemicals,956151.0,REVIEW,Finance Controller
INV-19520,Kaveri Chemicals,967683.79,PENDING,Finance Controller
INV-19538,XYZ Corp,927465.4,APPROVED,Finance Controller
INV-19541,Nova Inc,912024.0,APPROVED,Finance Controller
INV-19543,Global Office Mart,908739.8,PENDING,Finance Controller
INV-19555,Horizon Foods,937395.3,PENDING,Finance Controller
INV-19559,ABC Ltd,952466.34,PENDING,Finance Controller
INV-19560,Nova Inc,959148.54,PENDING,Finance Controller
INV-19563,Delta Ltd,967727.53,PENDING,Finance Controller
INV-19566,Global Office Mart,995687.13,APPROVED,Finance Controller
INV-19572,Indigo Print Works,964093.9,REVIEW,Finance Controller
INV-19595,Nova Inc,945927.49,PENDING,Finance Controller
INV-19609,Lotus Packaging,913714.89,PENDING,Finance Controller
INV-19610,ABC Ltd,982741.31,REVIEW,Finance Controller
INV-19613,Lotus Packaging,961428.2,PENDING,Finance Controller
INV-19628,Lotus Packaging,970142.06,PENDING,Finance Controller
INV-19636,,980765.0,PENDING,Finance Controller
INV-19640,Falcon Tech,907793.3,APPROVED,Finance Controller
INV-19648,Falcon Tech,949036.9,,Finance Controller
INV-19654,Indigo Print Works,973417.96,REVIEW,Finance Controller
INV-19687,Bright Logistics,917257.0,PENDING,Finance Controller
INV-19691,Jupiter Steel,992447.1,APPROVED,Finance Controller
INV-19700,Apex Supplies,956082.0,REVIEW,Finance Controller
INV-19712,XYZ Corp,950303.0,PENDING,Finance Controller
INV-19718,Global Office Mart,923670.0,PENDING,Finance Controller
INV-19734,Jupiter Steel,910398.91,REVIEW,Finance Controller
INV-19747,Kaveri Chemicals,964203.0,PENDING,Finance Controller
INV-19752,Indigo Print Works,980161.0,APPROVED,Finance Controller
INV-19768,Falcon Tech,993434.6,APPROVED,Finance Controller
INV-19775,Global Office Mart,999655.17,PENDING,Finance Controller
INV-19777,Indigo Print Works,961807.84,PENDING,Finance Controller
INV-19793,Nova Inc,993034.4,,Finance Controller
INV-19799,Kaveri Chemicals,953717.43,PENDING,Finance Controller
INV-19801,Jupiter Steel,936031.58,APPROVED,Finance Controller
INV-19809,,913864.0,PENDING,Finance Controller
INV-19822,Horizon Foods,985948.52,PENDING,Finance Controller
INV-19827,XYZ Corp,910221.93,PENDING,Finance Controller
INV-19843,Indigo Print Works,982114.87,PENDING,Finance Controller
INV-19867,Horizon Foods,904030.0,PENDING,Finance Controller
INV-19869,XYZ Corp,918812.5,PENDING,Finance Controller
INV-19900,Kaveri Chemicals,983555.6,PENDING,Finance Controller
INV-19903,Global Office Mart,942544.7,PENDING,Finance Controller
INV-19914,Global Office Mart,914540.1,REVIEW,Finance Controller
INV-19916,Horizon Foods,938396.1,PENDING,Finance Controller
INV-19931,ABC Ltd,990937.0,APPROVED,Finance Controller
INV-19947,Apex Supplies,902714.5,PENDING,Finance Controller
INV-19951,Nova Inc,981347.9,PENDING,Finance Controller
INV-19952,ABC Ltd,901660.0,APPROVED,Finance Controller
INV-19965,Apex Supplies,972364.73,PENDING,Finance Controller
INV-19982,Nova Inc,925288.1,PENDING,Finance Controller
INV-20006,Nova Inc,909201.6,PENDING,Finance Controller
INV-20028,Kaveri Chemicals,916297.0,PENDING,Finance Controller
INV-20042,XYZ Corp,959402.47,PENDING,Finance Controller
INV-20045,Bright Logistics,922362.17,PENDING,Finance Controller
INV-20075,,953673.0,REVIEW,Finance Controller
INV-20089,ABC Ltd,958153.85,PENDING,Finance Controller
INV-20091,Apex Supplies,964421.0,APPROVED,Finance Controller
INV-20107,Jupiter Steel,910438.31,PENDING,Finance Controller
INV-20113,Global Office Mart,999030.3,APPROVED,Finance Controller
INV-20118,Falcon Tech,926719.0,PENDING,Finance Controller
INV-20123,Global Office Mart,921222.0,PENDING,Finance Controller
INV-20125,Falcon Tech,933220.1,PENDING,Finance Controller
INV-20137,Global Office Mart,956524.2,PENDING,Finance Controller
INV-20159,Delta Ltd,904201.1,REVIEW,Finance Controller
INV-20183,ABC Ltd,919074.1,PENDING,Finance Controller
INV-20187,Apex Supplies,975648.0,APPROVED,Finance Controller
INV-20196,Nova Inc,900846.0,PENDING,Finance Controller
INV-20204,,952944.0,PENDING,Finance Controller
INV-20207,Jupiter Steel,938932.0,PENDING,Finance Controller
INV-20216,Falcon Tech,998183.49,PENDING,Finance Controller
INV-20217,Delta Ltd,929935.0,PENDING,Finance Controller
INV-20242,,970446.36,APPROVED,Finance Controller
INV-20246,ABC Ltd,969093.6,PENDING,Finance Controller
INV-20273,XYZ Corp,958931.74,PENDING,Finance Controller
INV-20283,Horizon Foods,993999.06,PENDING,Finance Controller
INV-20290,Global Office Mart,919703.6,APPROVED,Finance Controller
INV-20294,Lotus Packaging,984558.0,APPROVED,Finance Controller
INV-20295,Indigo Print Works,939653.0,PENDING,Finance Controller
INV-20324,XYZ Corp,950127.0,PENDING,Finance Controller
INV-20330,Nova Inc,997665.8,PENDING,Finance Controller
INV-20359,,922565.0,PENDING,Finance Controller
INV-20373,ABC Ltd,974536.0,PENDING,Finance Controller
INV-20394,Delta Ltd,996700.4,PENDING,Finance Controller
INV-20397,Nova Inc,929401.0,PENDING,Finance Controller
INV-20411,Lotus Packaging,999676.0,PENDING,Finance Controller
INV-20414,Jupiter Steel,914135.0,PENDING,Finance Controller
INV-20428,Jupiter Steel,942083.0,PENDING,Finance Controller
INV-20437,Falcon Tech,924598.5,PENDING,Finance Controller
INV-20462,Falcon Tech,990480.0,PENDING,Finance Controller
INV-20506,Falcon Tech,917833.0,REVIEW,Finance Controller
INV-20507,Apex Supplies,993804.0,APPROVED,Finance Controller
INV-20512,Nova Inc,946042.0,PENDING,Finance Controller
INV-20519,Jupiter Steel,931496.0,APPROVED,Finance Controller
INV-20530,Bright Logistics,975050.98,REVIEW,Finance Controller
INV-20534,Bright Logistics,971544.7,PENDING,Finance Controller
INV-20543,Delta Ltd,914812.71,PENDING,Finance Controller
INV-20547,Lotus Packaging,917489.0,PENDING,Finance Controller
INV-20566,Nova Inc,911640.6,PENDING,Finance Controller
INV-20567,Kaveri Chemicals,938819.69,PENDING,Finance Controller
INV-20580,Apex Supplies,986959.96,APPROVED,Finance Controller
INV-20587,XYZ Corp,938672.7,PENDING,Finance Controller
INV-20613,Jupiter Steel,992647.0,APPROVED,Finance Controller
INV-20615,Lotus Packaging,951258.0,PENDING,Finance Controller
INV-20618,Delta Ltd,933549.0,PENDING,Finance Controller
INV-20620,Nova Inc,979957.0,PENDING,Finance Controller
INV-20626,ABC Ltd,988207.12,PENDING,Finance Controller
INV-20633,Bright Logistics,914399.43,APPROVED,Finance Controller
INV-20660,Lotus Packaging,978370.0,PENDING,Finance Controller
INV-20666,Global Office Mart,936437.0,REVIEW,Finance Controller
INV-20687,Jupiter Steel,996244.68,PENDING,Finance Controller
INV-20693,Horizon Foods,918028.98,PENDING,Finance Controller
INV-20695,Delta Ltd,975566.0,PENDING,Finance Controller
INV-20709,Delta Ltd,938753.1,PENDING,Finance Controller
INV-20725,Lotus Packaging,991339.21,APPROVED,Finance Controller
INV-20736,Delta Ltd,955209.0,PENDING,Finance Controller
INV-20743,Horizon Foods,951174.5,APPROVED,Finance Controller
INV-20747,Jupiter Steel,971755.0,REVIEW,Finance Controller
INV-20748,Jupiter Steel,997953.3,PENDING,Finance Controller
INV-20755,XYZ Corp,984144.3,REVIEW,Finance Controller
INV-20759,Indigo Print Works,924813.0,PENDING,Finance Controller
INV-20800,Lotus Packaging,984867.0,PENDING,Finance Controller
INV-20807,Kaveri Chemicals,982836.6,APPROVED,Finance Controller
INV-20823,Kaveri Chemicals,971078.6,PENDING,Finance Controller
INV-20848,ABC Ltd,920367.4,PENDING,Finance Controller
INV-20854,Kaveri Chemicals,933483.0,PENDING,Finance Controller
INV-20861,Nova Inc,923961.0,,Finance Controller
INV-20862,Lotus Packaging,986832.0,PENDING,Finance Controller
INV-20863,Apex Supplies,942469.71,PENDING,Finance Controller
INV-20895,Kaveri Chemicals,965316.11,PENDING,Finance Controller
INV-20901,Global Office Mart,920653.3,PENDING,Finance Controller
INV-20906,Falcon Tech,980682.3,PENDING,Finance Controller
INV-20922,Delta Ltd,903571.54,PENDING,Finance Controller
INV-20923,Global Office Mart,934366.0,PENDING,Finance Controller
INV-20925,Kaveri Chemicals,956231.9,REVIEW,Finance Controller
INV-20940,ABC Ltd,952175.0,APPROVED,Finance Controller
INV-20941,Horizon Foods,934955.0,APPROVED,Finance Controller
INV-20958,Delta Ltd,947068.0,PENDING,Finance Controller
INV-20973,Jupiter Steel,979579.0,PENDING,Finance Controller
INV-20984,Lotus Packaging,954460.49,PENDING,Finance Controller
INV-20991,Bright Logistics,904944.0,PENDING,Finance Controller
INV-21011,XYZ Corp,951855.0,PENDING,Finance Controller
INV-21012,Falcon Tech,951218.0,APPROVED,Finance Controller
INV-21016,XYZ Corp,928150.2,,Finance Controller
INV-21041,Bright Logistics,981921.1,PENDING,Finance Controller
INV-21046,Horizon Foods,924437.72,PENDING,Finance Controller
INV-21056,Horizon Foods,944884.26,PENDING,Finance Controller
INV-21062,Delta Ltd,969871.0,PENDING,Finance Controller
INV-21110,Indigo Print Works,965735.6,PENDING,Finance Controller
INV-21113,Falcon Tech,955397.4,PENDING,Finance Controller
INV-21129,ABC Ltd,958218.0,APPROVED,Finance Controller
INV-21131,XYZ Corp,949291.9,PENDING,Finance Controller
INV-21145,Lotus Packaging,903338.85,APPROVED,Finance Controller
INV-21172,ABC Ltd,982179.0,APPROVED,Finance Controller
INV-21186,Nova Inc,905610.0,PENDING,Finance Controller
INV-21189,XYZ Corp,968617.25,PENDING,Finance Controller
INV-21193,Apex Supplies,987810.1,PENDING,Finance Controller
INV-21215,Nova Inc,961557.0,PENDING,Finance Controller
INV-21224,XYZ Corp,980666.37,PENDING,Finance Controller
INV-21229,Bright Logistics,943225.0,APPROVED,Finance Controller
INV-21230,Indigo Print Works,920581.8,PENDING,Finance Controller
INV-21232,,954293.36,PENDING,Finance Controller
INV-21238,Nova Inc,904455.6,PENDING,Finance Controller
INV-21250,Jupiter Steel,922224.0,PENDING,Finance Controller
INV-21258,Lotus Packaging,966802.6,PENDING,Finance Controller
INV-21266,Apex Supplies,923133.42,PENDING,Finance Controller
INV-21275,XYZ Corp,927137.0,PENDING,Finance Controller
INV-21292,ABC Ltd,909926.0,PENDING,Finance Controller
INV-21296,Apex Supplies,984245.4,PENDING,Finance Controller
INV-21307,Horizon Foods,992050.0,REVIEW,Finance Controller
INV-21309,Delta Ltd,911396.6,PENDING,Finance Controller
INV-21322,Nova Inc,956616.0,APPROVED,Finance Controller
INV-21325,XYZ Corp,972410.81,PENDING,Finance Controller
INV-21333,Kaveri Chemicals,968614.95,REVIEW,Finance Controller
INV-21342,Horizon Foods,936563.04,PENDING,Finance Controller
INV-21345,XYZ Corp,922535.0,PENDING,Finance Controller
INV-21347,,932763.3,PENDING,Finance Controller
INV-21359,Bright Logistics,976866.0,PENDING,Finance Controller
INV-21367,Apex Supplies,955645.64,APPROVED,Finance Controller
INV-21369,Bright Logistics,901545.05,PENDING,Finance Controller
INV-21387,,918284.77,APPROVED,Finance Controller
INV-21389,,930906.1,PENDING,Finance Controller
INV-21405,Bright Logistics,978399.6,PENDING,Finance Controller
INV-21413,Global Office Mart,987311.9,PENDING,Finance Controller
INV-21426,Kaveri Chemicals,993437.17,PENDING,Finance Controller
INV-21428,Kaveri Chemicals,913121.6,APPROVED,Finance Controller
INV-21431,XYZ Corp,900622.0,APPROVED,Finance Controller
INV-21433,Bright Logistics,958077.0,PENDING,Finance Controller
INV-21462,Jupiter Steel,911907.39,PENDING,Finance Controller
INV-21469,Kaveri Chemicals,994869.4,PENDING,Finance Controller
INV-21475,ABC Ltd,973955.0,APPROVED,Finance Controller
INV-21491,Apex Supplies,980468.0,PENDING,Finance Controller
INV-21505,Indigo Print Works,999229.6,PENDING,Finance Controller
INV-21508,Horizon Foods,978658.3,REVIEW,Finance Controller
INV-21509,Delta Ltd,974044.0,PENDING,Finance Controller
INV-21512,Falcon Tech,910533.0,PENDING,Finance Controller
INV-21535,Bright Logistics,996457.8,PENDING,Finance Controller
INV-21544,Bright Logistics,938339.1,REVIEW,Finance Controller
INV-21553,Apex Supplies,999357.6,PENDING,Finance Controller
INV-21591,Bright Logistics,975028.1,REVIEW,Finance Controller
INV-21598,Global Office Mart,937080.7,PENDING,Finance Controller
INV-21609,Lotus Packaging,952351.88,PENDING,Finance Controller
INV-21619,Global Office Mart,993667.03,PENDING,Finance Controller
INV-21626,ABC Ltd,914017.15,APPROVED,Finance Controller
INV-21685,XYZ Corp,919097.7,APPROVED,Finance Controller
INV-21690,Bright Logistics,940963.83,PENDING,Finance Controller
INV-21699,Indigo Print Works,965317.8,PENDING,Finance Controller
INV-21704,ABC Ltd,999438.07,PENDING,Finance Controller
INV-21723,Kaveri Chemicals,912157.32,REVIEW,Finance Controller
INV-21745,Indigo Print Works,916478.5,PENDING,Finance Controller
INV-21756,Jupiter Steel,975182.0,PENDING,Finance Controller
INV-21764,Falcon Tech,936205.0,PENDING,Finance Controller
INV-21781,Jupiter Steel,995895.0,REVIEW,Finance Controller
INV-21788,Lotus Packaging,944117.6,PENDING,Finance Controller
INV-21801,Bright Logistics,929365.64,APPROVED,Finance Controller
INV-21827,Falcon Tech,957665.5,PENDING,Finance Controller
INV-21833,Global Office Mart,915303.8,PENDING,Finance Controller
INV-21836,Falcon Tech,985878.0,APPROVED,Finance Controller
INV-21839,Indigo Print Works,914381.0,REVIEW,Finance Controller
INV-21843,Apex Supplies,933816.28,PENDING,Finance Controller
INV-21846,Jupiter Steel,948230.31,REVIEW,Finance Controller
INV-21855,Jupiter Steel,951927.0,PENDING,Finance Controller
INV-21869,ABC Ltd,968946.59,PENDING,Finance Controller
INV-21885,,997296.46,APPROVED,Finance Controller
INV-21897,ABC Ltd,966802.24,REVIEW,Finance Controller
INV-21910,Indigo Print Works,947869.2,PENDING,Finance Controller
INV-21915,Horizon Foods,952557.0,PENDING,Finance Controller
INV-21923,Falcon Tech,926070.1,PENDING,Finance Controller
INV-21925,Indigo Print Works,915070.16,APPROVED,Finance Controller
INV-21936,Nova Inc,945917.4,PENDING,Finance Controller
INV-21947,,973890.66,REVIEW,Finance Controller
INV-21953,Apex Supplies,988890.87,PENDING,Finance Controller
INV-21970,Apex Supplies,930633.05,PENDING,Finance Controller
INV-21993,Lotus Packaging,952373.0,PENDING,Finance Controller
INV-21999,ABC Ltd,962394.6,PENDING,Finance Controller
INV-22010,Jupiter Steel,966583.0,APPROVED,Finance Controller
INV-22019,Lotus Packaging,940690.0,PENDING,Finance Controller
INV-22020,Global Office Mart,959498.0,PENDING,Finance Controller
INV-22040,Indigo Print Works,984124.0,PENDING,Finance Controller
INV-22055,Horizon Foods,991746.9,PENDING,Finance Controller
INV-22065,Kaveri Chemicals,925335.0,PENDING,Finance Controller
INV-22078,Lotus Packaging,947025.0,PENDING,Finance Controller
INV-22092,Apex Supplies,931348.4,PENDING,Finance Controller
INV-22103,Bright Logistics,985465.9,PENDING,Finance Controller
INV-22125,Nova Inc,928558.4,PENDING,Finance Controller
INV-22128,Bright Logistics,977246.0,PENDING,Finance Controller
INV-22129,Apex Supplies,946854.5,PENDING,Finance Controller
INV-22141,XYZ Corp,918684.54,APPROVED,Finance Controller
INV-22167,Global Office Mart,907516.0,PENDING,Finance Controller
INV-22187,Bright Logistics,954483.0,PENDING,Finance Controller
INV-22190,Global Office Mart,980324.6,PENDING,Finance Controller
INV-22198,XYZ Corp,990916.0,APPROVED,Finance Controller
INV-22210,Apex Supplies,921248.0,PENDING,Finance Controller
INV-22242,Global Office Mart,963215.5,PENDING,Finance Controller
INV-22249,Lotus Packaging,998531.97,PENDING,Finance Controller
INV-22254,Kaveri Chemicals,962088.7,PENDING,Finance Controller
INV-22260,Horizon Foods,965932.2,APPROVED,Finance Controller
INV-22276,Nova Inc,934835.0,PENDING,Finance Controller
INV-22299,Kaveri Chemicals,960535.0,APPROVED,Finance Controller
INV-22305,Global Office Mart,952021.0,PENDING,Finance Controller
INV-22311,Jupiter Steel,960852.49,PENDING,Finance Controller
INV-22321,Kaveri Chemicals,932006.4,PENDING,Finance Controller
INV-22335,Apex Supplies,989195.0,APPROVED,Finance Controller
INV-22348,Falcon Tech,910401.0,REVIEW,Finance Controller
INV-22375,Jupiter Steel,957495.0,APPROVED,Finance Controller
INV-22381,Horizon Foods,938801.5,PENDING,Finance Controller
INV-22383,Falcon Tech,912352.8,PENDING,Finance Controller
INV-22386,Delta Ltd,900280.0,APPROVED,Finance Controller
INV-22393,Nova Inc,960923.2,PENDING,Finance Controller
INV-22400,,974909.6,PENDING,Finance Controller
INV-22403,Kaveri Chemicals,906442.0,APPROVED,Finance Controller
INV-22417,XYZ Corp,977819.5,PENDING,Finance Controller
INV-22436,Lotus Packaging,973352.97,PENDING,Finance Controller
INV-22441,Horizon Foods,967355.5,REVIEW,Finance Controller
INV-22450,Horizon Foods,960820.0,PENDING,Finance Controller
INV-22455,,968157.0,REVIEW,Finance Controller
INV-22456,Jupiter Steel,925563.0,PENDING,Finance Controller
INV-22463,Indigo Print Works,960591.0,APPROVED,Finance Controller
INV-22493,Lotus Packaging,989753.0,REVIEW,Finance Controller
INV-22498,Lotus Packaging,907968.0,PENDING,Finance Controller
INV-22503,,983115.07,APPROVED,Finance Controller
INV-22525,Jupiter Steel,987621.0,REVIEW,Finance Controller
INV-22526,Delta Ltd,955710.0,PENDING,Finance Controller
INV-22528,Indigo Print Works,945853.29,APPROVED,Finance Controller
INV-22529,Lotus Packaging,908363.21,PENDING,Finance Controller
INV-22532,XYZ Corp,978769.0,PENDING,Finance Controller
INV-22542,Lotus Packaging,919185.0,APPROVED,Finance Controller
INV-22543,Delta Ltd,986878.1,PENDING,Finance Controller
INV-22568,Bright Logistics,974257.58,PENDING,Finance Controller
INV-22596,Jupiter Steel,948380.0,PENDING,Finance Controller
INV-22605,ABC Ltd,973096.0,PENDING,Finance Controller
INV-22609,Bright Logistics,931970.0,PENDING,Finance Controller
INV-22617,Global Office Mart,967980.6,PENDING,Finance Controller
INV-22649,Nova Inc,903712.95,REVIEW,Finance Controller
INV-22651,Bright Logistics,936105.0,PENDING,Finance Controller
INV-22660,XYZ Corp,961665.0,PENDING,Finance Controller
INV-22663,Apex Supplies,973282.6,PENDING,Finance Controller
INV-22665,Lotus Packaging,966137.8,PENDING,Finance Controller
INV-22670,Lotus Packaging,991340.2,PENDING,Finance Controller
INV-22674,Lotus Packaging,958162.5,PENDING,Finance Controller
INV-22684,Global Office Mart,908862.74,PENDING,Finance Controller
INV-22686,Falcon Tech,962981.19,PENDING,Finance Controller
INV-22706,Global Office Mart,903659.0,REVIEW,Finance Controller
INV-22717,ABC Ltd,991937.0,PENDING,Finance Controller
INV-22718,,976061.0,PENDING,Finance Controller
INV-22725,,999899.88,PENDING,Finance Controller
INV-22737,Jupiter Steel,969710.0,APPROVED,Finance Controller
INV-22744,Nova Inc,925478.0,PENDING,Finance Controller
INV-22751,Indigo Print Works,945039.8,PENDING,Finance Controller
INV-22773,Bright Logistics,985769.28,PENDING,Finance Controller
INV-22785,Nova Inc,905440.0,PENDING,Finance Controller
INV-22795,Delta Ltd,995811.8,PENDING,Finance Controller
INV-22802,Delta Ltd,948751.0,PENDING,Finance Controller
INV-22818,ABC Ltd,982900.0,PENDING,Finance Controller
INV-22825,Lotus Packaging,976970.0,PENDING,Finance Controller
INV-22832,Delta Ltd,970505.5,PENDING,Finance Controller
INV-22854,Indigo Print Works,938750.6,PENDING,Finance Controller
INV-22869,Kaveri Chemicals,992459.4,PENDING,Finance Controller
INV-22880,XYZ Corp,912225.32,REVIEW,Finance Controller
INV-22894,Global Office Mart,950671.0,PENDING,Finance Controller
INV-22895,Delta Ltd,933529.0,APPROVED,Finance Controller
INV-22899,ABC Ltd,991985.2,APPROVED,Finance Controller
INV-22909,Indigo Print Works,915811.0,PENDING,Finance Controller
INV-22911,Falcon Tech,962857.9,PENDING,Finance Controller
INV-22913,Lotus Packaging,935825.52,PENDING,Finance Controller
INV-22917,ABC Ltd,963718.2,PENDING,Finance Controller
INV-22918,Horizon Foods,945773.6,REVIEW,Finance Controller
INV-22922,Lotus Packaging,997472.7,PENDING,Finance Controller
INV-22923,Apex Supplies,945548.57,PENDING,Finance Controller
INV-22926,Apex Supplies,902804.0,PENDING,Finance Controller
INV-22937,Kaveri Chemicals,945506.0,PENDING,Finance Controller
INV-22942,Global Office Mart,977081.0,REVIEW,Finance Controller
INV-22944,,980432.1,PENDING,Finance Controller
INV-22946,Falcon Tech,948810.0,PENDING,Finance Controller
INV-22953,Lotus Packaging,903780.7,PENDING,Finance Controller
INV-22977,Bright Logistics,904042.2,PENDING,Finance Controller
INV-22990,Kaveri Chemicals,958994.3,PENDING,Finance Controller
INV-23003,Global Office Mart,908184.0,REVIEW,Finance Controller
INV-23031,Horizon Foods,982229.0,PENDING,Finance Controller
INV-23035,Jupiter Steel,987053.0,PENDING,Finance Controller
INV-23078,Global Office Mart,987837.0,PENDING,Finance Controller
INV-23081,Lotus Packaging,910881.3,APPROVED,Finance Controller
INV-23094,Lotus Packaging,980413.1,REVIEW,Finance Controller
INV-23097,Apex Supplies,945711.3,PENDING,Finance Controller
INV-23098,Horizon Foods,966794.4,PENDING,Finance Controller
INV-23099,Nova Inc,961335.7,APPROVED,Finance Controller
INV-23101,Nova Inc,999003.28,PENDING,Finance Controller
INV-23111,Apex Supplies,964921.67,PENDING,Finance Controller
INV-23122,Kaveri Chemicals,986405.0,APPROVED,Finance Controller
INV-23127,Global Office Mart,995741.7,PENDING,Finance Controller
INV-23128,Falcon Tech,975054.3,PENDING,Finance Controller
INV-23131,Delta Ltd,941981.14,PENDING,Finance Controller
INV-23143,Nova Inc,941163.7,PENDING,Finance Controller
INV-23149,Jupiter Steel,993916.0,PENDING,Finance Controller
INV-23160,Global Office Mart,978772.77,APPROVED,Finance Controller
INV-23177,Jupiter Steel,953217.74,PENDING,Finance Controller
INV-23190,Apex Supplies,988231.4,PENDING,Finance Controller
INV-23192,ABC Ltd,964293.0,APPROVED,Finance Controller
INV-23205,Jupiter Steel,945139.4,PENDING,Finance Controller
INV-23214,Bright Logistics,988950.6,PENDING,Finance Controller
INV-23249,Global Office Mart,917890.1,PENDING,Finance Controller
INV-23275,Indigo Print Works,922145.9,PENDING,Finance Controller
INV-23277,Lotus Packaging,942886.15,PENDING,Finance Controller
INV-23280,Falcon Tech,966372.0,PENDING,Finance Controller
INV-23282,Kaveri Chemicals,964051.0,PENDING,Finance Controller
INV-23316,Horizon Foods,935570.41,PENDING,Finance Controller
INV-23322,Indigo Print Works,912926.7,PENDING,Finance Controller
INV-23330,XYZ Corp,951078.89,PENDING,Finance Controller
INV-23338,Falcon Tech,995891.0,REVIEW,Finance Controller
INV-23340,Jupiter Steel,925963.6,PENDING,Finance Controller
INV-23347,Falcon Tech,929697.65,PENDING,Finance Controller
INV-23348,Lotus Packaging,952504.9,PENDING,Finance Controller
INV-23370,XYZ Corp,952031.29,PENDING,Finance Controller
INV-23383,ABC Ltd,995020.2,APPROVED,Finance Controller
INV-23390,Lotus Packaging,931248.0,,Finance Controller
INV-23394,Bright Logistics,966782.0,PENDING,Finance Controller
INV-23397,Delta Ltd,986823.83,PENDING,Finance Controller
INV-23410,Nova Inc,904395.28,PENDING,Finance Controller
INV-23419,Lotus Packaging,927359.87,PENDING,Finance Controller
INV-23423,Global Office Mart,985158.0,APPROVED,Finance Controller
INV-23425,Bright Logistics,979067.23,PENDING,Finance Controller
INV-23449,Apex Supplies,963776.8,PENDING,Finance Controller
INV-23452,Delta Ltd,958518.0,PENDING,Finance Controller
INV-23465,Kaveri Chemicals,932927.33,APPROVED,Finance Controller
INV-23468,Global Office Mart,922860.0,PENDING,Finance Controller
INV-23479,Horizon Foods,943275.5,PENDING,Finance Controller
INV-23482,Apex Supplies,976792.0,APPROVED,Finance Controller
INV-23508,Indigo Print Works,926167.0,PENDING,Finance Controller
INV-23513,Indigo Print Works,952975.0,PENDING,Finance Controller
INV-23517,Global Office Mart,907496.0,PENDING,Finance Controller
INV-23529,Bright Logistics,983304.0,PENDING,Finance Controller
INV-23532,Global Office Mart,947223.9,APPROVED,Finance Controller
INV-23533,Indigo Print Works,962171.0,PENDING,Finance Controller
INV-23556,Apex Supplies,996161.6,PENDING,Finance Controller
INV-23557,Bright Logistics,932266.0,PENDING,Finance Controller
INV-23565,Bright Logistics,957941.77,PENDING,Finance Controller
INV-23567,Bright Logistics,968259.3,APPROVED,Finance Controller
INV-23619,Horizon Foods,938473.2,REVIEW,Finance Controller
INV-23625,Nova Inc,959990.5,,Finance Controller
INV-23639,ABC Ltd,972916.0,APPROVED,Finance Controller
INV-23641,Indigo Print Works,908064.5,PENDING,Finance Controller
INV-23694,Delta Ltd,989128.77,PENDING,Finance Controller
INV-23700,XYZ Corp,973452.5,REVIEW,Finance Controller
INV-23705,Apex Supplies,921133.09,PENDING,Finance Controller
INV-23707,Global Office Mart,913510.91,PENDING,Finance Controller
INV-23722,Delta Ltd,939081.8,PENDING,Finance Controller
INV-23745,ABC Ltd,947262.0,REVIEW,Finance Controller
INV-23776,Lotus Packaging,927221.0,PENDING,Finance Controller
INV-23784,Global Office Mart,996879.1,PENDING,Finance Controller
INV-23797,Kaveri Chemicals,921102.62,PENDING,Finance Controller
INV-23807,,912650.0,PENDING,Finance Controller
INV-23851,,956527.0,PENDING,Finance Controller
INV-23862,Delta Ltd,942427.2,PENDING,Finance Controller
INV-23866,,940041.6,PENDING,Finance Controller
INV-23870,Indigo Print Works,934706.0,PENDING,Finance Controller
INV-23872,Kaveri Chemicals,993026.8,PENDING,Finance Controller
INV-23881,Apex Supplies,955099.45,PENDING,Finance Controller
INV-23889,XYZ Corp,977633.7,PENDING,Finance Controller
INV-23902,XYZ Corp,906885.35,REVIEW,Finance Controller
INV-23904,Apex Supplies,984637.5,PENDING,Finance Controller
INV-23908,Bright Logistics,973245.0,PENDING,Finance Controller
INV-23922,Lotus Packaging,975808.0,APPROVED,Finance Controller
INV-23943,Delta Ltd,967046.0,PENDING,Finance Controller
INV-23945,Jupiter Steel,961096.04,PENDING,Finance Controller
INV-23953,Jupiter Steel,936726.56,APPROVED,Finance Controller
INV-23991,Horizon Foods,961893.0,PENDING,Finance Controller
INV-23992,Delta Ltd,944082.0,APPROVED,Finance Controller
INV-24002,Lotus Packaging,907495.1,PENDING,Finance Controller
INV-24023,Indigo Print Works,995996.8,APPROVED,Finance Controller
INV-24040,Nova Inc,985465.1,APPROVED,Finance Controller
INV-24067,Delta Ltd,935514.3,REVIEW,Finance Controller
INV-24104,Jupiter Steel,960799.0,PENDING,Finance Controller
INV-24110,Apex Supplies,956624.92,APPROVED,Finance Controller
INV-24116,Indigo Print Works,928327.0,PENDING,Finance Controller
INV-24117,Delta Ltd,959590.9,REVIEW,Finance Controller
INV-24129,Bright Logistics,988849.0,PENDING,Finance Controller
INV-24132,Jupiter Steel,944790.74,REVIEW,Finance Controller
INV-24134,Delta Ltd,915197.0,PENDING,Finance Controller
INV-24136,Horizon Foods,914338.6,APPROVED,Finance Controller
INV-24146,Indigo Print Works,951260.1,PENDING,Finance Controller
INV-24157,Kaveri Chemicals,958535.0,PENDING,Finance Controller
INV-24166,Kaveri Chemicals,905926.88,,Finance Controller
INV-24205,Lotus Packaging,911512.0,PENDING,Finance Controller
INV-24216,Global Office Mart,930506.2,APPROVED,Finance Controller
INV-24220,XYZ Corp,909782.06,PENDING,Finance Controller
INV-24239,Bright Logistics,940020.0,PENDING,Finance Controller
INV-24250,ABC Ltd,911956.2,APPROVED,Finance Controller
INV-24257,ABC Ltd,967481.8,APPROVED,Finance Controller
INV-24269,XYZ Corp,941199.45,PENDING,Finance Controller
INV-24286,Apex Supplies,969362.0,PENDING,Finance Controller
INV-24294,ABC Ltd,941226.0,PENDING,Finance Controller
INV-24314,XYZ Corp,939442.0,PENDING,Finance Controller
INV-24334,Indigo Print Works,965256.3,PENDING,Finance Controller
INV-24339,Falcon Tech,980127.8,PENDING,Finance Controller
INV-24369,Apex Supplies,934711.2,PENDING,Finance Controller
INV-24412,Global Office Mart,964377.74,PENDING,Finance Controller
INV-24417,Lotus Packaging,906096.02,APPROVED,Finance Controller
INV-24423,Falcon Tech,926864.62,APPROVED,Finance Controller
INV-24441,Delta Ltd,988105.8,PENDING,Finance Controller
INV-24456,Apex Supplies,909908.3,PENDING,Finance Controller
INV-24461,XYZ Corp,930951.81,PENDING,Finance Controller
INV-24466,Global Office Mart,989483.43,REVIEW,Finance Controller
INV-24491,Bright Logistics,957718.4,PENDING,Finance Controller
INV-24497,Indigo Print Works,966346.15,APPROVED,Finance Controller
INV-24500,Lotus Packaging,974435.69,PENDING,Finance Controller
INV-24507,Falcon Tech,928432.3,APPROVED,Finance Controller
INV-24520,ABC Ltd,973445.88,PENDING,Finance Controller
INV-24541,Bright Logistics,988310.0,APPROVED,Finance Controller
INV-24544,ABC Ltd,902418.0,REVIEW,Finance Controller
INV-24553,Jupiter Steel,908252.1,PENDING,Finance Controller
INV-24564,Nova Inc,977040.1,PENDING,Finance Controller
INV-24590,Lotus Packaging,938372.17,REVIEW,Finance Controller
INV-24594,Kaveri Chemicals,944101.0,PENDING,Finance Controller
INV-24597,Nova Inc,943625.65,PENDING,Finance Controller
INV-24608,Falcon Tech,980563.0,PENDING,Finance Controller
INV-24624,Nova Inc,994092.0,REVIEW,Finance Controller
INV-24629,Horizon Foods,956852.0,PENDING,Finance Controller
INV-24632,Global Office Mart,926960.5,PENDING,Finance Controller
INV-24637,Falcon Tech,986861.0,PENDING,Finance Controller
INV-24640,Falcon Tech,904801.95,PENDING,Finance Controller
INV-24648,Jupiter Steel,939054.16,APPROVED,Finance Controller
INV-24651,Kaveri Chemicals,949918.0,PENDING,Finance Controller
INV-24658,Delta Ltd,953512.73,PENDING,Finance Controller
INV-24664,Lotus Packaging,959136.87,PENDING,Finance Controller
INV-24673,Delta Ltd,965684.13,APPROVED,Finance Controller
INV-24698,,977678.44,APPROVED,Finance Controller
INV-24705,Falcon Tech,952736.0,PENDING,Finance Controller
INV-24716,Delta Ltd,982772.65,REVIEW,Finance Controller
INV-24721,Global Office Mart,914604.8,PENDING,Finance Controller
INV-24733,Nova Inc,963766.66,PENDING,Finance Controller
INV-24737,Jupiter Steel,900463.0,PENDING,Finance Controller
INV-24760,ABC Ltd,958354.0,PENDING,Finance Controller
INV-24769,Falcon Tech,995188.0,PENDING,Finance Controller
INV-24773,Lotus Packaging,967455.7,REVIEW,Finance Controller
INV-24775,Nova Inc,947849.1,PENDING,Finance Controller
INV-24785,Jupiter Steel,943819.96,,Finance Controller
INV-24794,Jupiter Steel,985402.0,PENDING,Finance Controller
INV-24808,Apex Supplies,945518.53,PENDING,Finance Controller
INV-24816,Delta Ltd,926544.6,PENDING,Finance Controller
INV-24830,Delta Ltd,938356.0,PENDING,Finance Controller
INV-24841,Indigo Print Works,967738.9,PENDING,Finance Controller
INV-24857,Delta Ltd,998856.5,PENDING,Finance Controller
INV-24867,Delta Ltd,996219.0,APPROVED,Finance Controller
INV-24885,Horizon Foods,910997.0,PENDING,Finance Controller
INV-24919,Indigo Print Works,946033.3,APPROVED,Finance Controller
INV-24920,Global Office Mart,954716.9,PENDING,Finance Controller
INV-24926,Jupiter Steel,950551.75,REVIEW,Finance Controller
INV-24931,Jupiter Steel,923606.76,REVIEW,Finance Controller
INV-24954,Indigo Print Works,929986.03,PENDING,Finance Controller
INV-24955,Falcon Tech,967233.82,PENDING,Finance Controller
INV-24958,Falcon Tech,908218.77,APPROVED,Finance Controller
INV-24978,Kaveri Chemicals,971588.4,PENDING,Finance Controller
INV-24983,Indigo Print Works,910355.28,PENDING,Finance Controller
INV-24992,ABC Ltd,976533.14,PENDING,Finance Controller
INV-25024,ABC Ltd,934337.34,PENDING,Finance Controller
INV-25032,Global Office Mart,924493.0,APPROVED,Finance Controller
INV-25036,Apex Supplies,953534.0,PENDING,Finance Controller
INV-25052,Falcon Tech,993650.0,PENDING,Finance Controller
INV-25054,XYZ Corp,946165.0,APPROVED,Finance Controller
INV-25060,Horizon Foods,938303.0,PENDING,Finance Controller
INV-25065,Jupiter Steel,993931.0,APPROVED,Finance Controller
INV-25067,Nova Inc,922678.3,APPROVED,Finance Controller
INV-25071,Bright Logistics,950524.0,PENDING,Finance Controller
INV-25085,Bright Logistics,902870.7,PENDING,Finance Controller
INV-25097,Apex Supplies,903432.93,PENDING,Finance Controller
INV-25104,,959064.8,PENDING,Finance Controller
INV-25108,XYZ Corp,982201.0,APPROVED,Finance Controller
INV-25123,Bright Logistics,959298.0,PENDING,Finance Controller
INV-25154,Jupiter Steel,989792.34,APPROVED,Finance Controller
INV-25156,Jupiter Steel,993778.7,APPROVED,Finance Controller
INV-25174,Indigo Print Works,979280.0,REVIEW,Finance Controller
INV-25191,Nova Inc,903635.28,APPROVED,Finance Controller
INV-25192,ABC Ltd,902981.9,PENDING,Finance Controller
INV-25206,Falcon Tech,929033.5,APPROVED,Finance Controller
INV-25220,ABC Ltd,949845.0,PENDING,Finance Controller
INV-25238,Kaveri Chemicals,969185.9,PENDING,Finance Controller
INV-25248,Falcon Tech,954324.0,PENDING,Finance Controller
INV-25298,XYZ Corp,900496.17,APPROVED,Finance Controller
INV-25316,Jupiter Steel,931505.78,PENDING,Finance Controller
INV-25318,Jupiter Steel,994397.6,PENDING,Finance Controller
INV-25342,Lotus Packaging,944014.0,PENDING,Finance Controller
INV-25356,Lotus Packaging,973993.9,PENDING,Finance Controller
INV-25357,Falcon Tech,982020.9,PENDING,Finance Controller
INV-25363,Delta Ltd,991660.08,PENDING,Finance Controller
INV-25383,Apex Supplies,915620.81,PENDING,Finance Controller
INV-25396,Apex Supplies,934018.17,PENDING,Finance Controller
INV-25398,ABC Ltd,946515.0,PENDING,Finance Controller
INV-25401,ABC Ltd,908502.3,PENDING,Finance Controller
INV-25404,ABC Ltd,950262.0,PENDING,Finance Controller
INV-25405,Falcon Tech,910130.9,PENDING,Finance Controller
INV-25406,Nova Inc,900424.55,PENDING,Finance Controller
INV-25414,ABC Ltd,996365.16,PENDING,Finance Controller
INV-25415,ABC Ltd,951448.99,PENDING,Finance Controller
INV-25426,Global Office Mart,927164.47,APPROVED,Finance Controller
INV-25436,Bright Logistics,916666.5,PENDING,Finance Controller
INV-25439,Global Office Mart,986760.0,PENDING,Finance Controller
INV-25442,Delta Ltd,978190.9,PENDING,Finance Controller
INV-25471,Global Office Mart,934819.5,PENDING,Finance Controller
INV-25473,Apex Supplies,903697.0,PENDING,Finance Controller
INV-25487,Horizon Foods,978438.0,PENDING,Finance Controller
INV-25490,,954980.6,APPROVED,Finance Controller
INV-25491,Lotus Packaging,905707.74,PENDING,Finance Controller
INV-25498,Delta Ltd,945635.0,PENDING,Finance Controller
INV-25515,Kaveri Chemicals,973648.0,PENDING,Finance Controller
INV-25524,Nova Inc,933062.54,PENDING,Finance Controller
INV-25529,Kaveri Chemicals,944312.0,PENDING,Finance Controller
INV-25532,Kaveri Chemicals,995902.8,PENDING,Finance Controller
INV-25543,Kaveri Chemicals,991493.46,APPROVED,Finance Controller
INV-25580,Kaveri Chemicals,944184.0,PENDING,Finance Controller
INV-25589,Delta Ltd,963013.2,PENDING,Finance Controller
INV-25595,Kaveri Chemicals,939168.91,PENDING,Finance Controller
INV-25598,Jupiter Steel,927080.54,APPROVED,Finance Controller
INV-25600,Horizon Foods,902296.0,PENDING,Finance Controller
INV-25611,Nova Inc,974752.0,PENDING,Finance Controller
INV-25623,Nova Inc,906564.0,PENDING,Finance Controller
INV-25641,Delta Ltd,994511.0,APPROVED,Finance Controller
INV-25642,Indigo Print Works,922497.7,REVIEW,Finance Controller
INV-25649,Lotus Packaging,923211.0,REVIEW,Finance Controller
INV-25651,Lotus Packaging,989411.1,PENDING,Finance Controller
INV-25654,Indigo Print Works,993519.0,APPROVED,Finance Controller
INV-25660,Kaveri Chemicals,929697.0,PENDING,Finance Controller
INV-25679,ABC Ltd,986733.0,REVIEW,Finance Controller
INV-25727,Indigo Print Works,923329.0,PENDING,Finance Controller
INV-25734,Nova Inc,980496.2,PENDING,Finance Controller
INV-25749,Delta Ltd,981399.0,PENDING,Finance Controller
INV-25764,Nova Inc,927920.0,PENDING,Finance Controller
INV-25775,Indigo Print Works,908266.4,REVIEW,Finance Controller
INV-25797,Apex Supplies,907783.87,PENDING,Finance Controller
INV-25811,Falcon Tech,929830.7,PENDING,Finance Controller
INV-25833,Delta Ltd,956819.9,PENDING,Finance Controller
INV-25854,,986472.5,PENDING,Finance Controller
INV-25875,Apex Supplies,975466.6,PENDING,Finance Controller
INV-25883,Falcon Tech,934034.25,PENDING,Finance Controller
INV-25887,Jupiter Steel,942123.88,APPROVED,Finance Controller
INV-25896,Apex Supplies,912036.19,APPROVED,Finance Controller
INV-25922,Kaveri Chemicals,948907.31,APPROVED,Finance Controller
INV-25927,Lotus Packaging,926269.34,APPROVED,Finance Controller
INV-25933,Falcon Tech,930266.06,PENDING,Finance Controller
INV-25950,Horizon Foods,939708.8,REVIEW,Finance Controller
INV-25957,Bright Logistics,967328.4,PENDING,Finance Controller
INV-25966,Bright Logistics,949026.41,PENDING,Finance Controller
INV-25997,Kaveri Chemicals,905969.0,PENDING,Finance Controller
INV-26015,Kaveri Chemicals,983270.0,PENDING,Finance Controller
INV-26019,Bright Logistics,996380.0,PENDING,Finance Controller
INV-26029,Delta Ltd,925395.18,REVIEW,Finance Controller
INV-26038,Jupiter Steel,975388.0,REVIEW,Finance Controller
INV-26055,Falcon Tech,971079.4,PENDING,Finance Controller
INV-26091,Delta Ltd,987158.4,PENDING,Finance Controller
INV-26113,Lotus Packaging,915256.16,PENDING,Finance Controller
INV-26133,XYZ Corp,998933.0,PENDING,Finance Controller
INV-26167,Nova Inc,972566.59,APPROVED,Finance Controller
INV-26179,Lotus Packaging,901774.8,APPROVED,Finance Controller
INV-26183,Jupiter Steel,972724.0,PENDING,Finance Controller
INV-26184,Bright Logistics,997743.0,PENDING,Finance Controller
INV-26185,Kaveri Chemicals,937059.8,PENDING,Finance Controller
INV-26187,Horizon Foods,936368.0,PENDING,Finance Controller
INV-26193,Nova Inc,932910.12,PENDING,Finance Controller
INV-26196,Nova Inc,953691.8,PENDING,Finance Controller
INV-26200,Horizon Foods,974300.0,APPROVED,Finance Controller
INV-26219,Falcon Tech,961679.0,PENDING,Finance Controller
INV-26221,Horizon Foods,988655.0,PENDING,Finance Controller
INV-26225,Horizon Foods,953505.78,PENDING,Finance Controller
INV-26236,Horizon Foods,938677.0,APPROVED,Finance Controller
INV-26237,Horizon Foods,934145.0,REVIEW,Finance Controller
INV-26243,Horizon Foods,950252.0,PENDING,Finance Controller
INV-26247,ABC Ltd,931197.0,PENDING,Finance Controller
INV-26286,Delta Ltd,999151.0,PENDING,Finance Controller
INV-26288,Kaveri Chemicals,941809.0,PENDING,Finance Controller
INV-26300,Jupiter Steel,953438.0,APPROVED,Finance Controller
INV-26306,Nova Inc,983690.0,PENDING,Finance Controller
INV-26307,Delta Ltd,970213.0,PENDING,Finance Controller
INV-26317,XYZ Corp,920704.0,PENDING,Finance Controller
INV-26322,Nova Inc,930246.7,PENDING,Finance Controller
INV-26344,Delta Ltd,924984.3,PENDING,Finance Controller
INV-26358,Apex Supplies,970316.0,REVIEW,Finance Controller
INV-26366,Jupiter Steel,998551.8,PENDING,Finance Controller
INV-26368,ABC Ltd,986191.6,PENDING,Finance Controller
INV-26376,Nova Inc,974075.47,PENDING,Finance Controller
INV-26391,Jupiter Steel,923092.9,PENDING,Finance Controller
INV-26401,,961646.0,PENDING,Finance Controller
INV-26408,Nova Inc,996788.0,PENDING,Finance Controller
INV-26410,Kaveri Chemicals,973165.38,PENDING,Finance Controller
INV-26411,XYZ Corp,998175.4,,Finance Controller
INV-26419,Jupiter Steel,929120.1,APPROVED,Finance Controller
INV-26425,Jupiter Steel,973257.3,PENDING,Finance Controller
INV-26445,Jupiter Steel,915347.0,APPROVED,Finance Controller
INV-26448,Indigo Print Works,934567.0,PENDING,Finance Controller
INV-26462,Nova Inc,978545.0,PENDING,Finance Controller
INV-26467,ABC Ltd,951635.41,PENDING,Finance Controller
INV-26472,Global Office Mart,999631.0,PENDING,Finance Controller
INV-26478,Nova Inc,999354.0,PENDING,Finance Controller
INV-26493,Delta Ltd,946369.21,REVIEW,Finance Controller
INV-26499,,903466.74,REVIEW,Finance Controller
INV-26504,Falcon Tech,917768.0,PENDING,Finance Controller
INV-26508,Horizon Foods,914909.0,PENDING,Finance Controller
INV-26510,Falcon Tech,912266.0,APPROVED,Finance Controller
INV-26516,Indigo Print Works,956628.54,PENDING,Finance Controller
INV-26526,Nova Inc,930879.75,APPROVED,Finance Controller
INV-26541,Lotus Packaging,923161.0,REVIEW,Finance Controller
INV-26547,Delta Ltd,931051.04,PENDING,Finance Controller
INV-26561,Falcon Tech,976157.0,PENDING,Finance Controller
INV-26562,Jupiter Steel,977615.0,PENDING,Finance Controller
INV-26564,ABC Ltd,923365.83,APPROVED,Finance Controller
INV-26567,Falcon Tech,971627.0,PENDING,Finance Controller
INV-26576,Jupiter Steel,988951.5,APPROVED,Finance Controller
INV-26579,Falcon Tech,998772.9,PENDING,Finance Controller
INV-26583,Nova Inc,987003.76,PENDING,Finance Controller
INV-26585,Horizon Foods,937017.25,PENDING,Finance Controller
INV-26594,ABC Ltd,937410.0,REVIEW,Finance Controller
INV-26609,XYZ Corp,965499.0,PENDING,Finance Controller
INV-26611,Apex Supplies,926753.0,PENDING,Finance Controller
INV-26622,ABC Ltd,983970.8,PENDING,Finance Controller
INV-26625,Indigo Print Works,962111.06,PENDING,Finance Controller
INV-26629,Falcon Tech,943486.0,APPROVED,Finance Controller
INV-26636,Jupiter Steel,919515.2,PENDING,Finance Controller
INV-26654,Nova Inc,920915.47,PENDING,Finance Controller
INV-26658,Kaveri Chemicals,910183.3,PENDING,Finance Controller
INV-26661,Global Office Mart,907662.42,APPROVED,Finance Controller
INV-26671,XYZ Corp,984283.0,PENDING,Finance Controller
INV-26673,Jupiter Steel,964644.0,REVIEW,Finance Controller
INV-26677,Horizon Foods,918686.0,PENDING,Finance Controller
INV-26682,Global Office Mart,958449.9,REVIEW,Finance Controller
INV-26686,XYZ Corp,937741.2,PENDING,Finance Controller
INV-26706,Falcon Tech,914415.3,APPROVED,Finance Controller
INV-26712,Bright Logistics,962975.4,PENDING,Finance Controller
INV-26722,Apex Supplies,928440.0,PENDING,Finance Controller
INV-26732,Lotus Packaging,983765.6,PENDING,Finance Controller
INV-26737,Bright Logistics,984503.32,PENDING,Finance Controller
INV-26745,Bright Logistics,905663.0,APPROVED,Finance Controller
INV-26755,Kaveri Chemicals,961259.0,PENDING,Finance Controller
INV-26758,Indigo Print Works,987388.32,PENDING,Finance Controller
INV-26759,Lotus Packaging,972723.14,REVIEW,Finance Controller
INV-26775,Indigo Print Works,914753.53,PENDING,Finance Controller
INV-26776,Delta Ltd,976509.12,PENDING,Finance Controller
INV-26808,Indigo Print Works,904662.84,PENDING,Finance Controller
INV-26814,Lotus Packaging,904518.1,PENDING,Finance Controller
INV-26846,Horizon Foods,949901.0,PENDING,Finance Controller
INV-26847,Global Office Mart,957796.0,PENDING,Finance Controller
INV-26848,Delta Ltd,910499.8,PENDING,Finance Controller
INV-26850,Apex Supplies,909799.0,PENDING,Finance Controller
INV-26855,Nova Inc,970442.0,PENDING,Finance Controller
INV-26861,ABC Ltd,912833.4,REVIEW,Finance Controller
INV-26892,Apex Supplies,961006.3,PENDING,Finance Controller
INV-26897,Lotus Packaging,939739.8,PENDING,Finance Controller
INV-26898,Nova Inc,951896.3,PENDING,Finance Controller
INV-26946,Delta Ltd,995750.54,PENDING,Finance Controller
INV-26948,Horizon Foods,977282.7,PENDING,Finance Controller
INV-26952,,977277.81,REVIEW,Finance Controller
INV-26955,Nova Inc,944345.36,APPROVED,Finance Controller
INV-26983,Global Office Mart,945840.7,APPROVED,Finance Controller
INV-26993,Apex Supplies,948016.62,PENDING,Finance Controller
INV-27001,XYZ Corp,929547.3,PENDING,Finance Controller
INV-27030,Lotus Packaging,906325.0,PENDING,Finance Controller
INV-27035,Delta Ltd,959738.76,APPROVED,Finance Controller
INV-27118,Bright Logistics,924325.0,PENDING,Finance Controller
INV-27120,Bright Logistics,969306.28,PENDING,Finance Controller
INV-27124,Indigo Print Works,990357.0,PENDING,Finance Controller
INV-27126,,909452.0,PENDING,Finance Controller
INV-27127,Bright Logistics,984152.41,PENDING,Finance Controller
INV-27129,Delta Ltd,902407.53,PENDING,Finance Controller
INV-27148,Horizon Foods,933700.0,PENDING,Finance Controller
INV-27157,Global Office Mart,916136.8,PENDING,Finance Controller
INV-27160,Falcon Tech,935647.0,PENDING,Finance Controller
INV-27161,Global Office Mart,919063.1,APPROVED,Finance Controller
INV-27196,Indigo Print Works,920480.39,APPROVED,Finance Controller
INV-27204,Jupiter Steel,999412.0,PENDING,Finance Controller
INV-27219,Kaveri Chemicals,975522.84,PENDING,Finance Controller
INV-27234,ABC Ltd,960439.0,PENDING,Finance Controller
INV-27244,Kaveri Chemicals,915720.3,PENDING,Finance Controller
INV-27245,Nova Inc,927607.2,PENDING,Finance Controller
INV-27303,Global Office Mart,934732.0,PENDING,Finance Controller
INV-27313,Lotus Packaging,963885.0,PENDING,Finance Controller
INV-27315,Kaveri Chemicals,906273.0,APPROVED,Finance Controller
INV-27323,Nova Inc,935924.0,APPROVED,Finance Controller
INV-27337,Nova Inc,976613.02,PENDING,Finance Controller
INV-27340,Jupiter Steel,978036.0,PENDING,Finance Controller
INV-27342,Apex Supplies,929957.5,PENDING,Finance Controller
INV-27348,XYZ Corp,925428.1,APPROVED,Finance Controller
INV-27350,Delta Ltd,933630.8,PENDING,Finance Controller
INV-27432,Kaveri Chemicals,967853.0,APPROVED,Finance Controller
INV-27433,Indigo Print Works,961201.75,APPROVED,Finance Controller
INV-27440,,942948.0,PENDING,Finance Controller
INV-27460,Delta Ltd,912694.0,PENDING,Finance Controller
INV-27474,Kaveri Chemicals,941427.0,APPROVED,Finance Controller
INV-27496,Falcon Tech,928996.3,PENDING,Finance Controller
INV-27509,ABC Ltd,913329.63,PENDING,Finance Controller
INV-27520,,933563.5,PENDING,Finance Controller
INV-27527,Horizon Foods,965633.2,PENDING,Finance Controller
INV-27548,Horizon Foods,973073.0,,Finance Controller
INV-27554,Indigo Print Works,945539.0,APPROVED,Finance Controller
INV-27556,Falcon Tech,910789.04,PENDING,Finance Controller
INV-27564,Apex Supplies,916121.2,APPROVED,Finance Controller
INV-27567,Horizon Foods,952388.6,PENDING,Finance Controller
INV-27575,Nova Inc,904029.2,PENDING,Finance Controller
INV-27577,ABC Ltd,931080.5,PENDING,Finance Controller
INV-27603,Indigo Print Works,956724.0,PENDING,Finance Controller
INV-27610,XYZ Corp,991424.0,PENDING,Finance Controller
INV-27632,Horizon Foods,996317.0,APPROVED,Finance Controller
INV-27635,Indigo Print Works,925323.9,PENDING,Finance Controller
INV-27638,Bright Logistics,910113.8,APPROVED,Finance Controller
INV-27639,Lotus Packaging,906070.0,APPROVED,Finance Controller
INV-27644,Jupiter Steel,947251.0,PENDING,Finance Controller
INV-27648,Horizon Foods,925667.4,PENDING,Finance Controller
INV-27691,Delta Ltd,971466.62,PENDING,Finance Controller
INV-27699,Global Office Mart,922012.8,REVIEW,Finance Controller
INV-27761,Indigo Print Works,959924.7,APPROVED,Finance Controller
INV-27778,Apex Supplies,916788.6,APPROVED,Finance Controller
INV-27779,Lotus Packaging,979477.49,PENDING,Finance Controller
INV-27789,ABC Ltd,986183.0,PENDING,Finance Controller
INV-27791,Global Office Mart,936969.0,PENDING,Finance Controller
INV-27794,XYZ Corp,921604.0,PENDING,Finance Controller
INV-27797,Lotus Packaging,944544.0,PENDING,Finance Controller
INV-27805,Kaveri Chemicals,916326.59,PENDING,Finance Controller
INV-27812,Apex Supplies,931632.0,PENDING,Finance Controller
INV-27822,Delta Ltd,975346.17,PENDING,Finance Controller
INV-27848,Delta Ltd,927851.3,PENDING,Finance Controller
INV-27856,Delta Ltd,993716.5,PENDING,Finance Controller
INV-27861,,935033.0,PENDING,Finance Controller
INV-27863,Global Office Mart,901966.43,PENDING,Finance Controller
INV-27896,Bright Logistics,976147.7,PENDING,Finance Controller
INV-27908,Delta Ltd,901427.3,PENDING,Finance Controller
INV-27920,Jupiter Steel,968855.0,PENDING,Finance Controller
INV-27948,Delta Ltd,957074.47,APPROVED,Finance Controller
INV-27952,Nova Inc,915593.8,PENDING,Finance Controller
INV-27964,Nova Inc,946741.5,PENDING,Finance Controller
INV-27974,Delta Ltd,989288.54,PENDING,Finance Controller
INV-28002,ABC Ltd,988585.0,PENDING,Finance Controller
INV-28003,Jupiter Steel,979144.3,APPROVED,Finance Controller
INV-28016,Jupiter Steel,953313.6,APPROVED,Finance Controller
INV-28063,Global Office Mart,914625.79,PENDING,Finance Controller
INV-28079,Horizon Foods,928868.1,PENDING,Finance Controller
INV-28101,Delta Ltd,966888.0,PENDING,Finance Controller
INV-28127,Falcon Tech,950270.0,PENDING,Finance Controller
INV-28131,ABC Ltd,972748.0,PENDING,Finance Controller
INV-28136,Bright Logistics,979588.2,PENDING,Finance Controller
INV-28141,Indigo Print Works,979259.0,PENDING,Finance Controller
INV-28158,Bright Logistics,923985.0,PENDING,Finance Controller
INV-28165,Lotus Packaging,937233.0,PENDING,Finance Controller
INV-28177,Falcon Tech,987488.76,PENDING,Finance Controller
INV-28183,Global Office Mart,966257.7,PENDING,Finance Controller
INV-28194,Delta Ltd,910147.29,PENDING,Finance Controller
INV-28226,Lotus Packaging,972156.7,PENDING,Finance Controller
INV-28231,Falcon Tech,924966.95,PENDING,Finance Controller
INV-28265,XYZ Corp,900086.5,PENDING,Finance Controller
INV-28312,Delta Ltd,937720.5,PENDING,Finance Controller
INV-28313,Nova Inc,989025.0,PENDING,Finance Controller
INV-28372,Nova Inc,962193.0,APPROVED,Finance Controller
INV-28386,Bright Logistics,993435.0,PENDING,Finance Controller
INV-28391,Delta Ltd,920919.6,PENDING,Finance Controller
INV-28422,XYZ Corp,941531.7,PENDING,Finance Controller
INV-28433,Falcon Tech,906143.63,PENDING,Finance Controller
INV-28444,ABC Ltd,954377.24,PENDING,Finance Controller
INV-28449,Apex Supplies,966372.0,REVIEW,Finance Controller
INV-28470,Delta Ltd,940307.75,PENDING,Finance Controller
INV-28472,Nova Inc,944874.3,PENDING,Finance Controller
INV-28473,Global Office Mart,926951.2,PENDING,Finance Controller
INV-28483,Falcon Tech,987338.0,REVIEW,Finance Controller
INV-28487,Kaveri Chemicals,976661.0,APPROVED,Finance Controller
INV-28502,Horizon Foods,985271.0,REVIEW,Finance Controller
INV-28509,Horizon Foods,945737.0,APPROVED,Finance Controller
INV-28518,Indigo Print Works,967641.0,PENDING,Finance Controller
INV-28520,Lotus Packaging,924355.3,PENDING,Finance Controller
INV-28530,Global Office Mart,959046.32,PENDING,Finance Controller
INV-28549,Nova Inc,996441.76,PENDING,Finance Controller
INV-28559,Indigo Print Works,900074.7,REVIEW,Finance Controller
INV-28568,,902705.0,PENDING,Finance Controller
INV-28584,Global Office Mart,945043.0,PENDING,Finance Controller
INV-28655,Delta Ltd,958226.06,PENDING,Finance Controller
INV-28657,Jupiter Steel,968413.32,PENDING,Finance Controller
INV-28666,ABC Ltd,930295.0,PENDING,Finance Controller
INV-28673,Horizon Foods,955312.89,PENDING,Finance Controller
INV-28688,Global Office Mart,904785.0,PENDING,Finance Controller
INV-28712,Nova Inc,981633.4,PENDING,Finance Controller
INV-28720,Nova Inc,984589.0,PENDING,Finance Controller
INV-28744,Indigo Print Works,904979.0,PENDING,Finance Controller
INV-28753,Global Office Mart,954797.0,APPROVED,Finance Controller
INV-28755,Nova Inc,929373.26,PENDING,Finance Controller
INV-28775,Apex Supplies,908877.0,PENDING,Finance Controller
INV-28788,Falcon Tech,936435.0,PENDING,Finance Controller
INV-28799,Nova Inc,935889.0,PENDING,Finance Controller
INV-28808,Bright Logistics,997171.1,APPROVED,Finance Controller
INV-28816,Lotus Packaging,908115.0,PENDING,Finance Controller
INV-28841,Indigo Print Works,909111.0,REVIEW,Finance Controller
INV-28859,Falcon Tech,980422.0,PENDING,Finance Controller
INV-28866,Apex Supplies,962566.6,PENDING,Finance Controller
INV-28885,Bright Logistics,976614.81,PENDING,Finance Controller
INV-28890,Bright Logistics,944170.12,APPROVED,Finance Controller
INV-28902,Falcon Tech,973737.0,PENDING,Finance Controller
INV-28922,Global Office Mart,957557.09,PENDING,Finance Controller
INV-28935,Lotus Packaging,956702.8,,Finance Controller
INV-28941,Horizon Foods,994427.09,REVIEW,Finance Controller
INV-28943,Bright Logistics,917867.4,PENDING,Finance Controller
INV-28944,Lotus Packaging,978351.0,PENDING,Finance Controller
INV-28949,Indigo Print Works,943807.6,PENDING,Finance Controller
INV-28974,Nova Inc,923448.0,APPROVED,Finance Controller
INV-28980,Delta Ltd,922513.9,PENDING,Finance Controller
INV-28996,Indigo Print Works,954247.92,PENDING,Finance Controller
INV-29008,Falcon Tech,941896.9,PENDING,Finance Controller
INV-29021,Apex Supplies,926309.0,PENDING,Finance Controller
INV-29025,Lotus Packaging,997539.6,PENDING,Finance Controller
INV-29026,Delta Ltd,994442.0,APPROVED,Finance Controller
INV-29045,Global Office Mart,944486.19,,Finance Controller
INV-29070,Delta Ltd,951077.0,PENDING,Finance Controller
INV-29096,,951475.4,PENDING,Finance Controller
INV-29100,Kaveri Chemicals,977380.3,PENDING,Finance Controller
INV-29124,Global Office Mart,904817.0,PENDING,Finance Controller
INV-29127,Indigo Print Works,966704.0,,Finance Controller
INV-29136,Global Office Mart,942616.4,PENDING,Finance Controller
INV-29160,Indigo Print Works,945715.93,PENDING,Finance Controller
INV-29161,Delta Ltd,921062.0,PENDING,Finance Controller
INV-29174,Kaveri Chemicals,986092.12,PENDING,Finance Controller
INV-29194,Kaveri Chemicals,918635.3,REVIEW,Finance Controller
INV-29205,Jupiter Steel,943611.65,PENDING,Finance Controller
INV-29207,Apex Supplies,925056.13,REVIEW,Finance Controller
INV-29208,Global Office Mart,938229.56,PENDING,Finance Controller
INV-29209,Delta Ltd,903501.8,PENDING,Finance Controller
INV-29218,Lotus Packaging,980820.0,PENDING,Finance Controller
INV-29222,Nova Inc,929171.0,PENDING,Finance Controller
INV-29252,Jupiter Steel,980637.0,PENDING,Finance Controller
INV-29264,Indigo Print Works,933131.0,PENDING,Finance Controller
INV-29287,Global Office Mart,935106.0,APPROVED,Finance Controller
INV-29294,Apex Supplies,941607.1,PENDING,Finance Controller
INV-29298,XYZ Corp,991940.24,PENDING,Finance Controller
INV-29302,Jupiter Steel,938192.0,REVIEW,Finance Controller
INV-29332,Nova Inc,934817.0,PENDING,Finance Controller
INV-29336,XYZ Corp,935041.17,PENDING,Finance Controller
INV-29354,Horizon Foods,932649.2,PENDING,Finance Controller
INV-29356,Jupiter Steel,921428.0,PENDING,Finance Controller
INV-29373,Falcon Tech,970626.7,APPROVED,Finance Controller
INV-29374,Bright Logistics,913260.02,APPROVED,Finance Controller
INV-29379,ABC Ltd,973569.76,PENDING,Finance Controller
INV-29394,Delta Ltd,970329.66,PENDING,Finance Controller
INV-29398,Delta Ltd,973220.0,PENDING,Finance Controller
INV-29404,Indigo Print Works,992907.0,APPROVED,Finance Controller
INV-29417,Lotus Packaging,920656.0,PENDING,Finance Controller
INV-29436,,936465.9,PENDING,Finance Controller
INV-29465,Bright Logistics,935936.68,PENDING,Finance Controller
INV-29484,Horizon Foods,916061.5,PENDING,Finance Controller
INV-29487,Jupiter Steel,916526.0,PENDING,Finance Controller
INV-29488,Nova Inc,902047.1,PENDING,Finance Controller
INV-29500,Bright Logistics,998556.0,PENDING,Finance Controller
INV-29519,Jupiter Steel,972689.21,PENDING,Finance Controller
INV-29536,ABC Ltd,996301.0,APPROVED,Finance Controller
INV-29537,Horizon Foods,919856.0,PENDING,Finance Controller
INV-29544,Horizon Foods,931851.9,APPROVED,Finance Controller
INV-29549,Bright Logistics,959656.63,PENDING,Finance Controller
INV-29554,Jupiter Steel,967766.42,REVIEW,Finance Controller
INV-29562,ABC Ltd,941205.3,APPROVED,Finance Controller
INV-29568,Bright Logistics,961328.86,PENDING,Finance Controller
INV-29570,Bright Logistics,956535.16,PENDING,Finance Controller
INV-29572,Indigo Print Works,921642.4,PENDING,Finance Controller
INV-29583,Nova Inc,997303.63,PENDING,Finance Controller
INV-29586,Global Office Mart,901042.1,APPROVED,Finance Controller
INV-29589,Indigo Print Works,999206.04,REVIEW,Finance Controller
INV-29599,Bright Logistics,997537.1,PENDING,Finance Controller
INV-29606,XYZ Corp,944822.0,REVIEW,Finance Controller
INV-29612,Indigo Print Works,990505.56,PENDING,Finance Controller
INV-29614,Bright Logistics,984021.9,PENDING,Finance Controller
INV-29621,Indigo Print Works,902287.2,PENDING,Finance Controller
INV-29650,,927214.0,PENDING,Finance Controller
INV-29652,Falcon Tech,952774.4,PENDING,Finance Controller
INV-29659,Bright Logistics,951127.68,APPROVED,Finance Controller
INV-29668,XYZ Corp,939744.2,PENDING,Finance Controller
INV-29674,XYZ Corp,907221.6,APPROVED,Finance Controller
INV-29677,Delta Ltd,901329.0,APPROVED,Finance Controller
INV-29688,Delta Ltd,957290.0,PENDING,Finance Controller
INV-29718,Horizon Foods,949281.9,PENDING,Finance Controller
INV-29721,Falcon Tech,946409.6,PENDING,Finance Controller
INV-29730,Horizon Foods,998949.98,REVIEW,Finance Controller
INV-29732,Delta Ltd,922796.0,PENDING,Finance Controller
INV-29741,Horizon Foods,904238.51,PENDING,Finance Controller
INV-29745,Global Office Mart,921006.56,PENDING,Finance Controller
INV-29749,ABC Ltd,983603.7,PENDING,Finance Controller
INV-29778,Jupiter Steel,969097.62,PENDING,Finance Controller
INV-29780,,979636.95,PENDING,Finance Controller
INV-29815,Horizon Foods,952820.0,APPROVED,Finance Controller
INV-29818,Horizon Foods,952753.0,REVIEW,Finance Controller
INV-29834,ABC Ltd,911187.8,PENDING,Finance Controller
INV-29835,Jupiter Steel,950559.87,PENDING,Finance Controller
INV-29839,Falcon Tech,906525.0,PENDING,Finance Controller
INV-29840,Kaveri Chemicals,904515.0,PENDING,Finance Controller
INV-29855,Delta Ltd,922575.6,PENDING,Finance Controller
INV-29877,Global Office Mart,911378.58,PENDING,Finance Controller
INV-29884,XYZ Corp,929538.1,APPROVED,Finance Controller
INV-29886,Delta Ltd,946590.5,PENDING,Finance Controller
INV-29903,Kaveri Chemicals,977550.84,PENDING,Finance Controller
INV-29906,Jupiter Steel,910372.0,PENDING,Finance Controller
INV-29923,Kaveri Chemicals,972640.63,APPROVED,Finance Controller
INV-29946,,987119.1,PENDING,Finance Controller
INV-29948,Horizon Foods,978150.57,PENDING,Finance Controller
INV-29950,Kaveri Chemicals,976705.0,PENDING,Finance Controller
INV-29953,Nova Inc,991206.28,APPROVED,Finance Controller
INV-29957,Global Office Mart,978411.9,APPROVED,Finance Controller
INV-29963,Bright Logistics,955676.0,PENDING,Finance Controller
INV-29979,Bright Logistics,984860.81,PENDING,Finance Controller
INV-29982,Bright Logistics,926926.0,PENDING,Finance Controller
INV-29987,Falcon Tech,954354.0,PENDING,Finance Controller
INV-30004,Delta Ltd,974354.83,APPROVED,Finance Controller
INV-30005,Horizon Foods,950930.49,PENDING,Finance Controller
INV-30006,ABC Ltd,932396.0,REVIEW,Finance Controller
INV-30016,Global Office Mart,988590.1,PENDING,Finance Controller
INV-30029,Apex Supplies,927543.6,PENDING,Finance Controller
INV-30040,Horizon Foods,900364.0,PENDING,Finance Controller
INV-30043,Falcon Tech,966760.0,PENDING,Finance Controller
INV-30044,Kaveri Chemicals,906739.0,PENDING,Finance Controller
INV-30076,ABC Ltd,910033.0,PENDING,Finance Controller
INV-30081,Bright Logistics,955031.6,PENDING,Finance Controller
INV-30090,Nova Inc,910092.07,PENDING,Finance Controller
INV-30100,Indigo Print Works,975189.9,PENDING,Finance Controller
INV-30106,Global Office Mart,986067.43,PENDING,Finance Controller
INV-30119,Jupiter Steel,941792.4,PENDING,Finance Controller
INV-30127,Indigo Print Works,952744.47,PENDING,Finance Controller
INV-30130,Apex Supplies,962942.81,PENDING,Finance Controller
INV-30136,Horizon Foods,914976.9,PENDING,Finance Controller
INV-30148,Global Office Mart,947497.32,PENDING,Finance Controller
INV-30162,Bright Logistics,986177.4,PENDING,Finance Controller
INV-30165,Global Office Mart,904635.39,PENDING,Finance Controller
INV-30200,Bright Logistics,976614.18,PENDING,Finance Controller
INV-30216,Bright Logistics,919164.0,PENDING,Finance Controller
INV-30229,Delta Ltd,945146.7,PENDING,Finance Controller
INV-30232,Kaveri Chemicals,925224.37,APPROVED,Finance Controller
INV-30245,Indigo Print Works,932045.3,PENDING,Finance Controller
INV-30247,Apex Supplies,939019.78,APPROVED,Finance Controller
INV-30258,Bright Logistics,950946.0,APPROVED,Finance Controller
INV-30261,Horizon Foods,969463.6,PENDING,Finance Controller
INV-30262,Kaveri Chemicals,988724.9,REVIEW,Finance Controller
INV-30266,Indigo Print Works,952497.2,PENDING,Finance Controller
INV-30272,Bright Logistics,982742.0,PENDING,Finance Controller
INV-30282,,985925.6,PENDING,Finance Controller
INV-30287,ABC Ltd,977050.28,PENDING,Finance Controller
INV-30290,Jupiter Steel,939659.8,APPROVED,Finance Controller
INV-30297,Global Office Mart,951213.0,APPROVED,Finance Controller
INV-30298,Indigo Print Works,959423.0,PENDING,Finance Controller
INV-30299,ABC Ltd,973694.29,APPROVED,Finance Controller
INV-30318,Global Office Mart,920580.25,PENDING,Finance Controller
INV-30331,Falcon Tech,916246.0,PENDING,Finance Controller
INV-30335,Falcon Tech,904162.0,REVIEW,Finance Controller
INV-30354,Indigo Print Works,978940.73,APPROVED,Finance Controller
INV-30370,XYZ Corp,995204.29,PENDING,Finance Controller
INV-30371,Bright Logistics,976803.0,APPROVED,Finance Controller
INV-30377,Bright Logistics,900282.8,PENDING,Finance Controller
INV-30378,Apex Supplies,936772.0,PENDING,Finance Controller
INV-30385,Kaveri Chemicals,912602.3,PENDING,Finance Controller
INV-30407,Jupiter Steel,964243.0,PENDING,Finance Controller
INV-30408,ABC Ltd,922105.44,PENDING,Finance Controller
INV-30410,Lotus Packaging,954290.0,PENDING,Finance Controller
INV-30418,Apex Supplies,961950.6,PENDING,Finance Controller
INV-30423,Indigo Print Works,985650.4,PENDING,Finance Controller
INV-30428,Apex Supplies,959583.18,PENDING,Finance Controller
INV-30430,Falcon Tech,983365.8,,Finance Controller
INV-30446,Falcon Tech,937021.0,PENDING,Finance Controller
INV-30464,Kaveri Chemicals,908146.43,PENDING,Finance Controller
INV-30479,Apex Supplies,918672.28,REVIEW,Finance Controller
INV-30482,Bright Logistics,920944.0,PENDING,Finance Controller
INV-30483,Indigo Print Works,978955.9,APPROVED,Finance Controller
INV-30491,Falcon Tech,977636.32,APPROVED,Finance Controller
INV-30503,Kaveri Chemicals,968645.25,PENDING,Finance Controller
INV-30514,ABC Ltd,917949.0,APPROVED,Finance Controller
INV-30519,Horizon Foods,973089.71,PENDING,Finance Controller
INV-30520,Bright Logistics,995686.0,PENDING,Finance Controller
INV-30522,Global Office Mart,973413.79,PENDING,Finance Controller
INV-30525,Bright Logistics,998671.1,PENDING,Finance Controller
INV-30531,Global Office Mart,913539.1,APPROVED,Finance Controller
INV-30537,Bright Logistics,921980.0,PENDING,Finance Controller
INV-30540,Falcon Tech,988470.76,REVIEW,Finance Controller
INV-30555,Kaveri Chemicals,932177.0,PENDING,Finance Controller
INV-30557,Bright Logistics,903580.0,PENDING,Finance Controller
INV-30559,Indigo Print Works,962157.0,REVIEW,Finance Controller
INV-30566,Horizon Foods,920623.64,PENDING,Finance Controller
INV-30568,Kaveri Chemicals,928137.0,PENDING,Finance Controller
INV-30573,Horizon Foods,975050.5,REVIEW,Finance Controller
INV-30576,Indigo Print Works,904080.31,PENDING,Finance Controller
INV-30577,ABC Ltd,917373.7,PENDING,Finance Controller
INV-30585,XYZ Corp,945269.0,PENDING,Finance Controller
INV-30586,Indigo Print Works,922944.1,PENDING,Finance Controller
INV-30589,Falcon Tech,903470.37,PENDING,Finance Controller
INV-30590,Jupiter Steel,937988.08,PENDING,Finance Controller
INV-30607,Global Office Mart,988632.5,PENDING,Finance Controller
INV-30613,Lotus Packaging,916718.0,PENDING,Finance Controller
INV-30618,ABC Ltd,931591.0,PENDING,Finance Controller
INV-30640,XYZ Corp,989371.85,PENDING,Finance Controller
INV-30642,Bright Logistics,935796.0,PENDING,Finance Controller
INV-30644,Apex Supplies,998609.0,PENDING,Finance Controller
INV-30654,ABC Ltd,928088.2,PENDING,Finance Controller
INV-30657,Bright Logistics,985829.4,APPROVED,Finance Controller
INV-30660,Apex Supplies,992507.0,PENDING,Finance Controller
INV-30671,Falcon Tech,901270.0,PENDING,Finance Controller
INV-30676,Falcon Tech,909397.56,PENDING,Finance Controller
INV-30680,Indigo Print Works,910838.0,APPROVED,Finance Controller
INV-30698,Apex Supplies,974529.0,PENDING,Finance Controller
INV-30718,XYZ Corp,928127.2,PENDING,Finance Controller
INV-30747,Global Office Mart,970729.0,PENDING,Finance Controller
INV-30754,Lotus Packaging,912855.0,PENDING,Finance Controller
INV-30756,Falcon Tech,994366.6,PENDING,Finance Controller
INV-30758,Apex Supplies,985063.8,APPROVED,Finance Controller
INV-30761,Apex Supplies,983855.8,PENDING,Finance Controller
INV-30767,Indigo Print Works,903764.8,PENDING,Finance Controller
INV-30774,Lotus Packaging,965525.8,PENDING,Finance Controller
INV-30778,Bright Logistics,989137.0,APPROVED,Finance Controller
INV-30791,,919529.0,REVIEW,Finance Controller
INV-30801,Apex Supplies,923387.83,REVIEW,Finance Controller
INV-30812,Nova Inc,976151.0,PENDING,Finance Controller
INV-30819,Kaveri Chemicals,925232.0,PENDING,Finance Controller
INV-30822,XYZ Corp,925982.0,REVIEW,Finance Controller
INV-30828,Indigo Print Works,974031.0,PENDING,Finance Controller
INV-30836,Falcon Tech,949707.0,PENDING,Finance Controller
INV-30840,ABC Ltd,944878.9,PENDING,Finance Controller
INV-30850,Lotus Packaging,920010.41,PENDING,Finance Controller
INV-30853,Horizon Foods,943312.22,PENDING,Finance Controller
INV-30854,Falcon Tech,908314.0,REVIEW,Finance Controller
INV-30866,Nova Inc,993081.66,PENDING,Finance Controller
INV-30874,Jupiter Steel,920934.37,PENDING,Finance Controller
INV-30885,Delta Ltd,970159.27,REVIEW,Finance Controller
INV-30893,Lotus Packaging,954255.6,PENDING,Finance Controller
INV-30896,Delta Ltd,995228.0,REVIEW,Finance Controller
INV-30897,XYZ Corp,992779.08,APPROVED,Finance Controller
INV-30911,ABC Ltd,951650.0,PENDING,Finance Controller
INV-30915,Kaveri Chemicals,945552.0,PENDING,Finance Controller
INV-30921,Lotus Packaging,990225.9,PENDING,Finance Controller
INV-30938,XYZ Corp,928729.26,PENDING,Finance Controller
INV-30949,Apex Supplies,972556.7,APPROVED,Finance Controller
INV-30952,Kaveri Chemicals,967347.6,PENDING,Finance Controller
INV-30958,ABC Ltd,902458.83,PENDING,Finance Controller
INV-30966,Bright Logistics,912999.0,PENDING,Finance Controller
INV-30979,,968311.0,REVIEW,Finance Controller
INV-30985,Lotus Packaging,962574.5,PENDING,Finance Controller
INV-30989,Nova Inc,914634.66,PENDING,Finance Controller
INV-30999,XYZ Corp,979065.0,PENDING,Finance Controller
INV-31025,Apex Supplies,936520.92,REVIEW,Finance Controller
INV-31039,Nova Inc,917529.0,PENDING,Finance Controller
INV-31040,Indigo Print Works,983253.0,PENDING,Finance Controller
INV-31045,XYZ Corp,961760.0,PENDING,Finance Controller
INV-31063,,912057.6,APPROVED,Finance Controller
INV-31078,Horizon Foods,979793.0,PENDING,Finance Controller
INV-31080,Lotus Packaging,995080.81,PENDING,Finance Controller
INV-31107,ABC Ltd,972158.0,PENDING,Finance Controller
INV-31110,Lotus Packaging,920516.82,REVIEW,Finance Controller
INV-31120,Delta Ltd,979353.0,PENDING,Finance Controller
INV-31124,Jupiter Steel,900152.0,PENDING,Finance Controller
INV-31127,Falcon Tech,937084.0,PENDING,Finance Controller
INV-31129,Bright Logistics,937491.29,PENDING,Finance Controller
INV-31146,ABC Ltd,944310.1,PENDING,Finance Controller
INV-31147,Falcon Tech,997809.0,PENDING,Finance Controller
INV-31157,Horizon Foods,997020.0,PENDING,Finance Controller
INV-31174,ABC Ltd,963433.9,PENDING,Finance Controller
INV-31176,Lotus Packaging,907875.7,APPROVED,Finance Controller
INV-31180,Delta Ltd,943705.1,PENDING,Finance Controller
INV-31183,Kaveri Chemicals,929320.0,PENDING,Finance Controller
INV-31185,ABC Ltd,971813.7,PENDING,Finance Controller
INV-31188,ABC Ltd,904573.55,APPROVED,Finance Controller
INV-31207,Global Office Mart,994950.0,APPROVED,Finance Controller
INV-31211,Falcon Tech,987977.1,PENDING,Finance Controller
INV-31219,Delta Ltd,940669.5,REVIEW,Finance Controller
INV-31223,ABC Ltd,957091.5,PENDING,Finance Controller
INV-31239,Apex Supplies,929876.32,PENDING,Finance Controller
INV-31241,Horizon Foods,917793.0,PENDING,Finance Controller
INV-31250,Falcon Tech,949305.0,PENDING,Finance Controller
INV-31255,Delta Ltd,989658.0,PENDING,Finance Controller
INV-31257,Horizon Foods,985058.4,PENDING,Finance Controller
INV-31268,Falcon Tech,966173.46,PENDING,Finance Controller
INV-31273,Nova Inc,966818.0,APPROVED,Finance Controller
INV-31278,Indigo Print Works,968841.6,REVIEW,Finance Controller
INV-31294,Delta Ltd,946705.8,PENDING,Finance Controller
INV-31312,,951512.0,PENDING,Finance Controller
INV-31326,Global Office Mart,939072.65,PENDING,Finance Controller
INV-31332,Horizon Foods,954846.0,PENDING,Finance Controller
INV-31335,Jupiter Steel,919397.14,APPROVED,Finance Controller
INV-31336,Lotus Packaging,970428.3,REVIEW,Finance Controller
INV-31348,Apex Supplies,911580.7,APPROVED,Finance Controller
INV-31357,Bright Logistics,922235.0,PENDING,Finance Controller
INV-31360,XYZ Corp,905480.1,REVIEW,Finance Controller
INV-31370,,989348.0,APPROVED,Finance Controller
INV-31378,Global Office Mart,925054.9,PENDING,Finance Controller
INV-31386,Nova Inc,955763.17,PENDING,Finance Controller
INV-31414,Horizon Foods,932952.0,PENDING,Finance Controller
INV-31427,Kaveri Chemicals,916443.0,PENDING,Finance Controller
INV-31438,Indigo Print Works,975141.0,REVIEW,Finance Controller
INV-31444,Jupiter Steel,952047.45,PENDING,Finance Controller
INV-31458,Jupiter Steel,917771.8,REVIEW,Finance Controller
INV-31461,Falcon Tech,935540.0,REVIEW,Finance Controller
INV-31468,Apex Supplies,909380.0,PENDING,Finance Controller
INV-31473,Nova Inc,989887.31,PENDING,Finance Controller
INV-31480,Apex Supplies,977158.55,PENDING,Finance Controller
INV-31482,XYZ Corp,966755.2,PENDING,Finance Controller
INV-31484,Lotus Packaging,927014.6,PENDING,Finance Controller
INV-31498,Apex Supplies,999608.0,PENDING,Finance Controller
INV-31501,Horizon Foods,935356.2,PENDING,Finance Controller
INV-31510,ABC Ltd,923992.0,PENDING,Finance Controller
INV-31516,ABC Ltd,964590.0,PENDING,Finance Controller
INV-31526,Falcon Tech,905242.21,APPROVED,Finance Controller
INV-31551,Apex Supplies,991675.4,PENDING,Finance Controller
INV-31570,Jupiter Steel,984841.0,PENDING,Finance Controller
INV-31577,Kaveri Chemicals,972070.8,PENDING,Finance Controller
INV-31592,Jupiter Steel,954214.6,PENDING,Finance Controller
INV-31596,XYZ Corp,974944.8,REVIEW,Finance Controller
INV-31598,Apex Supplies,904788.58,PENDING,Finance Controller
INV-31599,Horizon Foods,968003.73,PENDING,Finance Controller
INV-31601,Delta Ltd,903659.6,APPROVED,Finance Controller
INV-31613,XYZ Corp,934332.0,PENDING,Finance Controller
INV-31622,Kaveri Chemicals,933135.0,REVIEW,Finance Controller
INV-31625,ABC Ltd,912986.0,PENDING,Finance Controller
INV-31640,Indigo Print Works,916357.0,PENDING,Finance Controller
INV-31646,Nova Inc,931663.15,APPROVED,Finance Controller
INV-31657,Jupiter Steel,943456.7,PENDING,Finance Controller
INV-31668,Falcon Tech,919940.8,APPROVED,Finance Controller
INV-31680,Horizon Foods,961294.2,PENDING,Finance Controller
INV-31681,Jupiter Steel,955279.0,PENDING,Finance Controller
INV-31689,XYZ Corp,974766.4,PENDING,Finance Controller
INV-31690,Bright Logistics,962019.3,PENDING,Finance Controller
INV-31697,Falcon Tech,933008.0,PENDING,Finance Controller
INV-31701,Lotus Packaging,923781.9,PENDING,Finance Controller
INV-31705,Indigo Print Works,942049.04,PENDING,Finance Controller
INV-31719,Bright Logistics,970930.0,PENDING,Finance Controller
INV-31724,Horizon Foods,953182.24,REVIEW,Finance Controller
INV-31725,Nova Inc,937251.31,PENDING,Finance Controller
INV-31757,Jupiter Steel,925092.4,PENDING,Finance Controller
INV-31775,Nova Inc,940539.38,PENDING,Finance Controller
INV-31783,XYZ Corp,914798.0,APPROVED,Finance Controller
INV-31785,Delta Ltd,949551.0,REVIEW,Finance Controller
INV-31786,Falcon Tech,902242.47,PENDING,Finance Controller
INV-31789,Bright Logistics,916349.5,APPROVED,Finance Controller
INV-31799,Horizon Foods,917131.0,PENDING,Finance Controller
INV-31811,Delta Ltd,982413.0,PENDING,Finance Controller
INV-31822,Kaveri Chemicals,983007.0,PENDING,Finance Controller
INV-31838,Horizon Foods,978071.94,PENDING,Finance Controller
INV-31857,Delta Ltd,979694.3,APPROVED,Finance Controller
INV-31858,XYZ Corp,917795.0,APPROVED,Finance Controller
INV-31865,Global Office Mart,936653.39,PENDING,Finance Controller
INV-31867,Indigo Print Works,916414.35,PENDING,Finance Controller
INV-31889,Jupiter Steel,966518.53,PENDING,Finance Controller
INV-31890,Horizon Foods,953617.0,PENDING,Finance Controller
INV-31905,Lotus Packaging,950340.0,PENDING,Finance Controller
INV-31915,Apex Supplies,951136.0,PENDING,Finance Controller
INV-31917,Global Office Mart,960082.2,PENDING,Finance Controller
INV-31924,ABC Ltd,932170.6,PENDING,Finance Controller
INV-31935,Bright Logistics,967147.1,PENDING,Finance Controller
INV-31942,Apex Supplies,918615.1,PENDING,Finance Controller
INV-31943,Falcon Tech,971685.4,PENDING,Finance Controller
INV-31976,ABC Ltd,968539.0,APPROVED,Finance Controller
INV-31978,,908397.0,PENDING,Finance Controller
INV-31984,Bright Logistics,989424.1,PENDING,Finance Controller
INV-31986,Nova Inc,985053.6,PENDING,Finance Controller
INV-31992,Indigo Print Works,946509.89,,Finance Controller
INV-32013,Falcon Tech,945957.6,PENDING,Finance Controller
INV-32015,Bright Logistics,957379.55,PENDING,Finance Controller
INV-32017,Nova Inc,909170.76,APPROVED,Finance Controller
INV-32026,Jupiter Steel,951661.9,PENDING,Finance Controller
INV-32032,Falcon Tech,935884.0,PENDING,Finance Controller
INV-32062,ABC Ltd,999949.0,PENDING,Finance Controller
INV-32082,Horizon Foods,972743.3,PENDING,Finance Controller
INV-32088,Lotus Packaging,960874.93,REVIEW,Finance Controller
INV-32128,Global Office Mart,931828.0,APPROVED,Finance Controller
INV-32157,XYZ Corp,905452.4,REVIEW,Finance Controller
INV-32177,Delta Ltd,926848.0,PENDING,Finance Controller
INV-32182,Nova Inc,905770.5,PENDING,Finance Controller
INV-32183,Kaveri Chemicals,969377.9,PENDING,Finance Controller
INV-32184,Global Office Mart,970915.11,APPROVED,Finance Controller
INV-32190,XYZ Corp,907519.1,APPROVED,Finance Controller
INV-32193,Falcon Tech,985576.0,REVIEW,Finance Controller
INV-32203,Indigo Print Works,944170.53,APPROVED,Finance Controller
INV-32219,Bright Logistics,908617.8,PENDING,Finance Controller
INV-32226,Nova Inc,912950.54,PENDING,Finance Controller
INV-32244,Nova Inc,980942.94,PENDING,Finance Controller
INV-32248,Jupiter Steel,961692.95,PENDING,Finance Controller
INV-32278,,975104.0,PENDING,Finance Controller
INV-32287,Global Office Mart,911981.5,PENDING,Finance Controller
INV-32289,Global Office Mart,912050.0,PENDING,Finance Controller
INV-32291,Apex Supplies,992734.8,APPROVED,Finance Controller
INV-32322,Horizon Foods,943416.9,REVIEW,Finance Controller
INV-32324,Kaveri Chemicals,961971.9,PENDING,Finance Controller
INV-32333,ABC Ltd,996029.0,PENDING,Finance Controller
INV-32339,,909125.9,REVIEW,Finance Controller
INV-32341,Delta Ltd,967603.7,APPROVED,Finance Controller
INV-32344,,934654.0,PENDING,Finance Controller
INV-32373,Falcon Tech,960285.1,PENDING,Finance Controller
INV-32377,Apex Supplies,962696.0,REVIEW,Finance Controller
INV-32379,Lotus Packaging,902005.4,APPROVED,Finance Controller
INV-32409,Horizon Foods,977141.0,,Finance Controller
INV-32410,Kaveri Chemicals,999470.0,PENDING,Finance Controller
INV-32422,Falcon Tech,938054.5,PENDING,Finance Controller
INV-32447,XYZ Corp,979816.86,REVIEW,Finance Controller
INV-32496,Kaveri Chemicals,916717.7,PENDING,Finance Controller
INV-32506,Kaveri Chemicals,950493.0,PENDING,Finance Controller
INV-32524,Falcon Tech,965062.9,PENDING,Finance Controller
INV-32564,Global Office Mart,955922.0,APPROVED,Finance Controller
INV-32576,Global Office Mart,938288.0,PENDING,Finance Controller
INV-32583,XYZ Corp,999116.13,PENDING,Finance Controller
INV-32587,Lotus Packaging,988123.11,APPROVED,Finance Controller
INV-32596,ABC Ltd,920348.0,PENDING,Finance Controller
INV-32605,Jupiter Steel,967788.9,PENDING,Finance Controller
INV-32618,Jupiter Steel,950788.6,APPROVED,Finance Controller
INV-32623,Horizon Foods,970056.0,PENDING,Finance Controller
INV-32625,XYZ Corp,955722.0,REVIEW,Finance Controller
INV-32629,Kaveri Chemicals,987917.77,PENDING,Finance Controller
INV-32634,Delta Ltd,936004.24,PENDING,Finance Controller
INV-32649,Falcon Tech,921935.0,PENDING,Finance Controller
INV-32650,XYZ Corp,949833.0,REVIEW,Finance Controller
INV-32656,Nova Inc,981459.0,PENDING,Finance Controller
INV-32663,Falcon Tech,937921.96,REVIEW,Finance Controller
INV-32686,XYZ Corp,964372.39,PENDING,Finance Controller
INV-32688,Apex Supplies,971954.3,REVIEW,Finance Controller
INV-32692,Horizon Foods,999813.0,APPROVED,Finance Controller
INV-32696,Nova Inc,962271.54,PENDING,Finance Controller
INV-32711,Nova Inc,994350.0,PENDING,Finance Controller
INV-32715,Bright Logistics,923703.41,PENDING,Finance Controller
INV-32733,XYZ Corp,935301.0,APPROVED,Finance Controller
INV-32739,ABC Ltd,922549.0,PENDING,Finance Controller
INV-32754,Nova Inc,920942.0,PENDING,Finance Controller
INV-32764,,953767.0,PENDING,Finance Controller
INV-32769,Kaveri Chemicals,911260.0,APPROVED,Finance Controller
INV-32772,Bright Logistics,987897.0,PENDING,Finance Controller
INV-32786,Delta Ltd,962839.23,PENDING,Finance Controller
INV-32801,Horizon Foods,913568.31,PENDING,Finance Controller
INV-32807,Global Office Mart,956451.2,PENDING,Finance Controller
INV-32815,Nova Inc,924839.8,PENDING,Finance Controller
INV-32820,Kaveri Chemicals,978396.0,PENDING,Finance Controller
INV-32830,Global Office Mart,928924.0,PENDING,Finance Controller
INV-32834,Bright Logistics,965838.3,APPROVED,Finance Controller
INV-32836,Jupiter Steel,956071.0,PENDING,Finance Controller
INV-32839,,919102.0,APPROVED,Finance Controller
INV-32848,Kaveri Chemicals,964107.0,REVIEW,Finance Controller
INV-32876,ABC Ltd,902359.9,PENDING,Finance Controller
INV-32887,Delta Ltd,955778.4,PENDING,Finance Controller
INV-32892,,988612.07,PENDING,Finance Controller
INV-32894,ABC Ltd,977497.26,APPROVED,Finance Controller
INV-32898,Bright Logistics,963800.0,REVIEW,Finance Controller
INV-32902,Indigo Print Works,938572.53,PENDING,Finance Controller
INV-32905,Nova Inc,928472.37,PENDING,Finance Controller
INV-32917,Delta Ltd,958623.1,APPROVED,Finance Controller
INV-32920,,928717.0,APPROVED,Finance Controller
INV-32951,Indigo Print Works,992811.0,APPROVED,Finance Controller
INV-32972,Apex Supplies,923570.0,PENDING,Finance Controller
INV-32982,Bright Logistics,912657.77,PENDING,Finance Controller
INV-32990,Indigo Print Works,938520.0,PENDING,Finance Controller
INV-33000,Horizon Foods,980501.85,PENDING,Finance Controller
INV-33008,Horizon Foods,973613.6,APPROVED,Finance Controller
INV-33016,Falcon Tech,934799.3,APPROVED,Finance Controller
INV-33023,Indigo Print Works,956586.75,REVIEW,Finance Controller
INV-33027,ABC Ltd,940123.0,PENDING,Finance Controller
INV-33042,Falcon Tech,968204.4,PENDING,Finance Controller
INV-33044,Horizon Foods,969387.0,PENDING,Finance Controller
INV-33056,Lotus Packaging,928097.8,REVIEW,Finance Controller
INV-33058,Apex Supplies,935781.0,PENDING,Finance Controller
INV-33063,Horizon Foods,956991.0,APPROVED,Finance Controller
INV-33066,Apex Supplies,950569.08,PENDING,Finance Controller
INV-33075,Apex Supplies,966737.0,PENDING,Finance Controller
INV-33076,Bright Logistics,909781.0,PENDING,Finance Controller
INV-33077,ABC Ltd,977665.36,REVIEW,Finance Controller
INV-33085,Bright Logistics,955274.5,PENDING,Finance Controller
INV-33087,Falcon Tech,921666.0,PENDING,Finance Controller
INV-33090,Indigo Print Works,900816.4,PENDING,Finance Controller
INV-33096,Indigo Print Works,965924.8,APPROVED,Finance Controller
INV-33104,Horizon Foods,907654.91,PENDING,Finance Controller
INV-33107,XYZ Corp,954086.5,PENDING,Finance Controller
INV-33131,XYZ Corp,994707.0,PENDING,Finance Controller
INV-33136,Jupiter Steel,923646.27,APPROVED,Finance Controller
INV-33140,Indigo Print Works,999990.0,PENDING,Finance Controller
INV-33150,Nova Inc,915364.0,PENDING,Finance Controller
INV-33161,XYZ Corp,975585.92,PENDING,Finance Controller
INV-33166,Jupiter Steel,913272.0,PENDING,Finance Controller
INV-33171,Global Office Mart,997206.69,APPROVED,Finance Controller
INV-33172,Falcon Tech,939965.7,PENDING,Finance Controller
INV-33190,XYZ Corp,952106.06,PENDING,Finance Controller
INV-33213,Kaveri Chemicals,915468.5,PENDING,Finance Controller
INV-33250,Kaveri Chemicals,928349.4,PENDING,Finance Controller
INV-33258,Indigo Print Works,948841.64,PENDING,Finance Controller
INV-33261,XYZ Corp,906059.0,PENDING,Finance Controller
INV-33266,Delta Ltd,997616.02,PENDING,Finance Controller
INV-33294,Indigo Print Works,903089.0,APPROVED,Finance Controller
INV-33302,Global Office Mart,911918.0,PENDING,Finance Controller
INV-33311,Nova Inc,931060.89,PENDING,Finance Controller
INV-33314,Horizon Foods,947504.09,PENDING,Finance Controller
INV-33321,Indigo Print Works,933073.0,REVIEW,Finance Controller
INV-33324,Lotus Packaging,904493.5,PENDING,Finance Controller
INV-33326,Jupiter Steel,973922.2,PENDING,Finance Controller
INV-33331,Bright Logistics,948533.7,PENDING,Finance Controller
INV-33344,Global Office Mart,995026.0,PENDING,Finance Controller
INV-33366,Lotus Packaging,953282.2,APPROVED,Finance Controller
INV-33372,ABC Ltd,975062.67,REVIEW,Finance Controller
INV-33377,Jupiter Steel,980368.43,APPROVED,Finance Controller
INV-33381,Falcon Tech,921753.3,PENDING,Finance Controller
INV-33390,Lotus Packaging,995884.0,PENDING,Finance Controller
INV-33406,Global Office Mart,940643.7,PENDING,Finance Controller
INV-33413,Kaveri Chemicals,985409.69,PENDING,Finance Controller
INV-33415,Bright Logistics,981975.0,PENDING,Finance Controller
INV-33424,Horizon Foods,984808.0,PENDING,Finance Controller
INV-33443,Nova Inc,970462.8,PENDING,Finance Controller
INV-33446,Jupiter Steel,986470.1,REVIEW,Finance Controller
INV-33448,Horizon Foods,966302.98,PENDING,Finance Controller
INV-33455,Nova Inc,913367.0,PENDING,Finance Controller
INV-33465,ABC Ltd,971412.5,PENDING,Finance Controller
INV-33480,Bright Logistics,948564.0,PENDING,Finance Controller
INV-33487,Global Office Mart,935534.71,PENDING,Finance Controller
INV-33489,Delta Ltd,984060.81,PENDING,Finance Controller
INV-33502,Lotus Packaging,948216.42,PENDING,Finance Controller
INV-33505,Nova Inc,979531.41,APPROVED,Finance Controller
INV-33521,Horizon Foods,927543.38,APPROVED,Finance Controller
INV-33522,Jupiter Steel,948788.0,PENDING,Finance Controller
INV-33531,,985795.0,PENDING,Finance Controller
INV-33533,Nova Inc,953519.1,APPROVED,Finance Controller
INV-33537,Delta Ltd,925594.0,PENDING,Finance Controller
INV-33555,Apex Supplies,949938.57,PENDING,Finance Controller
INV-33562,Bright Logistics,934512.7,PENDING,Finance Controller
INV-33594,ABC Ltd,951077.8,APPROVED,Finance Controller
INV-33608,Lotus Packaging,997668.0,PENDING,Finance Controller
INV-33610,Indigo Print Works,904056.02,PENDING,Finance Controller
INV-33624,Nova Inc,920538.4,PENDING,Finance Controller
INV-33648,Bright Logistics,980108.0,PENDING,Finance Controller
INV-33652,ABC Ltd,941482.9,PENDING,Finance Controller
INV-33679,Delta Ltd,901849.0,REVIEW,Finance Controller
INV-33680,,939339.72,PENDING,Finance Controller
INV-33684,Horizon Foods,943784.0,APPROVED,Finance Controller
INV-33686,Lotus Packaging,928142.0,PENDING,Finance Controller
INV-33687,Nova Inc,914896.3,PENDING,Finance Controller
INV-33689,Kaveri Chemicals,914746.0,APPROVED,Finance Controller
INV-33698,Jupiter Steel,928431.0,APPROVED,Finance Controller
INV-33700,Jupiter Steel,965509.9,PENDING,Finance Controller
INV-33707,,945161.0,APPROVED,Finance Controller
INV-33710,Horizon Foods,975056.46,APPROVED,Finance Controller
INV-33711,XYZ Corp,970927.54,PENDING,Finance Controller
INV-33712,Jupiter Steel,912307.6,PENDING,Finance Controller
INV-33739,Kaveri Chemicals,914575.46,REVIEW,Finance Controller
INV-33740,Kaveri Chemicals,918787.0,APPROVED,Finance Controller
INV-33749,Indigo Print Works,917533.49,PENDING,Finance Controller
INV-33752,Bright Logistics,948523.8,PENDING,Finance Controller
INV-33764,Indigo Print Works,908742.9,PENDING,Finance Controller
INV-33776,,918638.6,PENDING,Finance Controller
INV-33793,ABC Ltd,917066.94,PENDING,Finance Controller
INV-33804,Lotus Packaging,955852.11,PENDING,Finance Controller
INV-33832,Lotus Packaging,947626.0,PENDING,Finance Controller
INV-33833,Indigo Print Works,938104.8,PENDING,Finance Controller
INV-33843,ABC Ltd,971508.0,PENDING,Finance Controller
INV-33847,,961692.0,PENDING,Finance Controller
INV-33856,Indigo Print Works,905737.0,PENDING,Finance Controller
INV-33857,Lotus Packaging,937514.3,PENDING,Finance Controller
INV-33863,Horizon Foods,970062.1,PENDING,Finance Controller
INV-33870,Apex Supplies,968155.3,REVIEW,Finance Controller
INV-33904,Falcon Tech,941430.2,PENDING,Finance Controller
INV-33916,Jupiter Steel,990491.5,PENDING,Finance Controller
INV-33925,Kaveri Chemicals,958798.0,PENDING,Finance Controller
INV-33943,Global Office Mart,947252.21,PENDING,Finance Controller
INV-33979,Lotus Packaging,923742.7,PENDING,Finance Controller
INV-33993,Kaveri Chemicals,901860.0,REVIEW,Finance Controller
INV-33997,Global Office Mart,985850.6,PENDING,Finance Controller
INV-33998,Falcon Tech,974683.1,PENDING,Finance Controller
INV-34023,Nova Inc,950576.0,PENDING,Finance Controller
INV-34033,Kaveri Chemicals,999488.0,REVIEW,Finance Controller
INV-34036,Jupiter Steel,969205.72,REVIEW,Finance Controller
INV-34049,Delta Ltd,950271.33,APPROVED,Finance Controller
INV-34053,Delta Ltd,988511.78,PENDING,Finance Controller
INV-34082,Lotus Packaging,944481.27,PENDING,Finance Controller
INV-34094,Indigo Print Works,954473.21,PENDING,Finance Controller
INV-34100,Apex Supplies,957928.21,PENDING,Finance Controller
INV-34101,Falcon Tech,946759.77,APPROVED,Finance Controller
INV-34109,Indigo Print Works,954293.19,PENDING,Finance Controller
INV-34119,Global Office Mart,959781.21,PENDING,Finance Controller
INV-34126,Jupiter Steel,974336.0,APPROVED,Finance Controller
INV-34140,Kaveri Chemicals,986009.6,PENDING,Finance Controller
INV-34146,Global Office Mart,990101.7,PENDING,Finance Controller
INV-34159,Kaveri Chemicals,965828.0,PENDING,Finance Controller
INV-34168,Kaveri Chemicals,929498.0,PENDING,Finance Controller
INV-34181,Apex Supplies,974015.19,PENDING,Finance Controller
INV-34182,Falcon Tech,977910.0,PENDING,Finance Controller
INV-34186,Falcon Tech,922215.6,PENDING,Finance Controller
INV-34197,Jupiter Steel,994267.81,PENDING,Finance Controller
INV-34202,Jupiter Steel,940567.9,PENDING,Finance Controller
INV-34212,Bright Logistics,945587.1,PENDING,Finance Controller
INV-34222,ABC Ltd,969012.5,APPROVED,Finance Controller
INV-34240,Nova Inc,977799.0,APPROVED,Finance Controller
INV-34244,Apex Supplies,965820.0,APPROVED,Finance Controller
INV-34264,Falcon Tech,945032.98,PENDING,Finance Controller
INV-34274,Apex Supplies,915977.6,PENDING,Finance Controller
INV-34278,Global Office Mart,955723.0,PENDING,Finance Controller
INV-34287,Jupiter Steel,902319.3,REVIEW,Finance Controller
INV-34292,Jupiter Steel,928482.33,PENDING,Finance Controller
INV-34293,Nova Inc,934673.7,PENDING,Finance Controller
INV-34296,Delta Ltd,977873.67,PENDING,Finance Controller
INV-34298,Lotus Packaging,942397.22,APPROVED,Finance Controller
INV-34303,Apex Supplies,983396.1,PENDING,Finance Controller
INV-34304,Falcon Tech,953352.0,PENDING,Finance Controller
INV-34324,Kaveri Chemicals,969058.0,PENDING,Finance Controller
INV-34326,Nova Inc,908825.66,PENDING,Finance Controller
INV-34330,Horizon Foods,975159.0,REVIEW,Finance Controller
INV-34365,Global Office Mart,963785.0,PENDING,Finance Controller
INV-34385,Kaveri Chemicals,986999.14,PENDING,Finance Controller
INV-34397,Global Office Mart,914080.0,PENDING,Finance Controller
INV-34408,Jupiter Steel,919168.0,PENDING,Finance Controller
INV-34416,XYZ Corp,914512.0,APPROVED,Finance Controller
INV-34417,Falcon Tech,978024.0,PENDING,Finance Controller
INV-34426,Jupiter Steel,978322.8,PENDING,Finance Controller
INV-34435,Lotus Packaging,948701.8,PENDING,Finance Controller
INV-34447,Falcon Tech,987488.0,APPROVED,Finance Controller
INV-34449,Global Office Mart,959777.5,PENDING,Finance Controller
INV-34476,,970348.03,PENDING,Finance Controller
INV-34479,Jupiter Steel,935596.48,PENDING,Finance Controller
INV-34484,Nova Inc,985328.0,PENDING,Finance Controller
INV-34495,XYZ Corp,952735.8,PENDING,Finance Controller
INV-34496,Apex Supplies,914142.7,PENDING,Finance Controller
INV-34499,Indigo Print Works,927524.75,PENDING,Finance Controller
INV-34506,Indigo Print Works,931109.0,APPROVED,Finance Controller
INV-34511,Indigo Print Works,901786.62,PENDING,Finance Controller
INV-34521,Falcon Tech,945488.6,PENDING,Finance Controller
INV-34530,Lotus Packaging,987845.4,PENDING,Finance Controller
INV-34547,Kaveri Chemicals,916888.0,REVIEW,Finance Controller
INV-34558,Horizon Foods,931698.0,REVIEW,Finance Controller
INV-34561,Lotus Packaging,966484.0,PENDING,Finance Controller
INV-34562,Nova Inc,978624.0,PENDING,Finance Controller
INV-34578,Indigo Print Works,915722.0,PENDING,Finance Controller
INV-34581,Apex Supplies,907333.0,PENDING,Finance Controller
INV-34582,Global Office Mart,910343.45,PENDING,Finance Controller
INV-34583,XYZ Corp,958864.0,PENDING,Finance Controller
INV-34589,Horizon Foods,990875.34,PENDING,Finance Controller
INV-34592,Kaveri Chemicals,965748.36,REVIEW,Finance Controller
INV-34601,Lotus Packaging,955136.7,PENDING,Finance Controller
INV-34605,Jupiter Steel,935192.0,PENDING,Finance Controller
INV-34619,Kaveri Chemicals,913874.9,PENDING,Finance Controller
INV-34627,Jupiter Steel,978865.78,PENDING,Finance Controller
INV-34657,Falcon Tech,913831.2,REVIEW,Finance Controller
INV-34667,,964812.07,PENDING,Finance Controller
INV-34673,Indigo Print Works,941350.3,PENDING,Finance Controller
INV-34678,Kaveri Chemicals,936975.0,PENDING,Finance Controller
INV-34681,Global Office Mart,974822.0,PENDING,Finance Controller
INV-34694,Horizon Foods,952039.15,PENDING,Finance Controller
INV-34699,XYZ Corp,963411.82,PENDING,Finance Controller
INV-34716,Apex Supplies,966290.3,PENDING,Finance Controller
INV-34719,ABC Ltd,904436.75,PENDING,Finance Controller
INV-34738,ABC Ltd,983709.4,PENDING,Finance Controller
INV-34747,XYZ Corp,930594.7,PENDING,Finance Controller
INV-34754,Falcon Tech,921988.0,PENDING,Finance Controller
INV-34770,XYZ Corp,982368.58,PENDING,Finance Controller
INV-34771,Delta Ltd,979859.2,APPROVED,Finance Controller
INV-34773,Apex Supplies,996068.0,REVIEW,Finance Controller
INV-34785,Indigo Print Works,930107.35,PENDING,Finance Controller
INV-34803,Horizon Foods,985104.0,PENDING,Finance Controller
INV-34823,Indigo Print Works,914039.77,PENDING,Finance Controller
INV-34824,ABC Ltd,984392.9,PENDING,Finance Controller
INV-34844,ABC Ltd,948812.0,PENDING,Finance Controller
INV-34846,Global Office Mart,991497.8,PENDING,Finance Controller
INV-34848,Kaveri Chemicals,916447.0,PENDING,Finance Controller
INV-34850,Delta Ltd,976788.1,PENDING,Finance Controller
INV-34854,Nova Inc,990240.37,PENDING,Finance Controller
INV-34857,Global Office Mart,961498.7,REVIEW,Finance Controller
INV-34865,Kaveri Chemicals,974874.0,PENDING,Finance Controller
INV-34873,Indigo Print Works,916763.3,APPROVED,Finance Controller
INV-34875,,990387.0,REVIEW,Finance Controller
INV-34885,Apex Supplies,906161.11,REVIEW,Finance Controller
INV-34888,,906938.0,PENDING,Finance Controller
INV-34890,Apex Supplies,909320.8,REVIEW,Finance Controller
INV-34896,XYZ Corp,973850.01,REVIEW,Finance Controller
INV-34897,Indigo Print Works,984089.0,PENDING,Finance Controller
INV-34898,Lotus Packaging,941896.7,PENDING,Finance Controller
INV-34904,Apex Supplies,945541.0,APPROVED,Finance Controller
INV-34905,Jupiter Steel,964117.0,APPROVED,Finance Controller
INV-34915,Bright Logistics,914958.0,PENDING,Finance Controller
INV-34916,Falcon Tech,974369.0,APPROVED,Finance Controller
INV-34936,ABC Ltd,987817.0,PENDING,Finance Controller
INV-34942,Horizon Foods,917861.7,APPROVED,Finance Controller
INV-34951,Delta Ltd,901722.0,APPROVED,Finance Controller
INV-34959,Bright Logistics,952462.32,APPROVED,Finance Controller
INV-34986,Jupiter Steel,938939.17,PENDING,Finance Controller
INV-34993,Horizon Foods,957732.0,APPROVED,Finance Controller
INV-35006,Kaveri Chemicals,976660.85,PENDING,Finance Controller
INV-35008,Horizon Foods,913032.0,PENDING,Finance Controller
INV-35044,Delta Ltd,999392.29,PENDING,Finance Controller
INV-35047,,981839.0,PENDING,Finance Controller
INV-35055,Apex Supplies,934119.0,PENDING,Finance Controller
INV-35069,Kaveri Chemicals,918738.0,PENDING,Finance Controller
INV-35071,Global Office Mart,957364.78,PENDING,Finance Controller
INV-35077,ABC Ltd,928176.0,APPROVED,Finance Controller
INV-35088,Horizon Foods,920168.4,PENDING,Finance Controller
INV-35115,Bright Logistics,944912.72,APPROVED,Finance Controller
INV-35133,Jupiter Steel,923077.4,APPROVED,Finance Controller
INV-35134,Falcon Tech,909430.0,APPROVED,Finance Controller
INV-35177,Indigo Print Works,962106.4,PENDING,Finance Controller
INV-35181,Apex Supplies,929638.0,REVIEW,Finance Controller
INV-35194,Falcon Tech,927251.73,PENDING,Finance Controller
INV-35222,Jupiter Steel,948974.0,APPROVED,Finance Controller
INV-35224,Lotus Packaging,957077.01,REVIEW,Finance Controller
INV-35240,Kaveri Chemicals,977232.6,PENDING,Finance Controller
INV-35268,,936172.4,APPROVED,Finance Controller
INV-35270,Kaveri Chemicals,901464.93,PENDING,Finance Controller
INV-35278,XYZ Corp,986878.0,PENDING,Finance Controller
INV-35286,Jupiter Steel,906356.4,PENDING,Finance Controller
INV-35293,Kaveri Chemicals,938909.9,PENDING,Finance Controller
INV-35298,Global Office Mart,915549.98,PENDING,Finance Controller
INV-35310,Indigo Print Works,939980.1,PENDING,Finance Controller
INV-35324,Bright Logistics,959756.0,PENDING,Finance Controller
INV-35325,Indigo Print Works,912190.5,REVIEW,Finance Controller
INV-35337,XYZ Corp,905748.0,REVIEW,Finance Controller
INV-35344,ABC Ltd,928588.5,PENDING,Finance Controller
INV-35362,,936773.14,REVIEW,Finance Controller
INV-35378,Bright Logistics,910047.77,REVIEW,Finance Controller
INV-35400,Bright Logistics,920898.4,PENDING,Finance Controller
INV-35407,Jupiter Steel,941215.1,APPROVED,Finance Controller
INV-35410,Jupiter Steel,919557.0,APPROVED,Finance Controller
INV-35421,Lotus Packaging,981606.9,REVIEW,Finance Controller
INV-35432,,942614.4,PENDING,Finance Controller
INV-35458,Apex Supplies,926232.3,PENDING,Finance Controller
INV-35490,Lotus Packaging,953351.0,PENDING,Finance Controller
INV-35493,Indigo Print Works,909539.5,PENDING,Finance Controller
INV-35504,Kaveri Chemicals,900655.0,PENDING,Finance Controller
INV-35505,Delta Ltd,986899.32,PENDING,Finance Controller
INV-35514,Kaveri Chemicals,949890.4,APPROVED,Finance Controller
INV-35538,Horizon Foods,951773.74,PENDING,Finance Controller
INV-35542,Jupiter Steel,954654.0,PENDING,Finance Controller
INV-35544,Jupiter Steel,925755.9,PENDING,Finance Controller
INV-35546,Horizon Foods,955382.2,PENDING,Finance Controller
INV-35558,Lotus Packaging,961633.6,PENDING,Finance Controller
INV-35561,Falcon Tech,914355.0,PENDING,Finance Controller
INV-35562,Apex Supplies,910898.6,APPROVED,Finance Controller
INV-35573,Nova Inc,902679.12,PENDING,Finance Controller
INV-35578,ABC Ltd,947394.0,PENDING,Finance Controller
INV-35579,Horizon Foods,905124.0,PENDING,Finance Controller
INV-35590,Indigo Print Works,986180.0,APPROVED,Finance Controller
INV-35599,ABC Ltd,963759.0,PENDING,Finance Controller
INV-35609,Falcon Tech,930302.32,PENDING,Finance Controller
INV-35614,Global Office Mart,928485.0,PENDING,Finance Controller
INV-35620,Jupiter Steel,934481.88,APPROVED,Finance Controller
INV-35621,Delta Ltd,985174.0,PENDING,Finance Controller
INV-35628,Horizon Foods,988314.4,REVIEW,Finance Controller
INV-35643,Indigo Print Works,938128.97,PENDING,Finance Controller
INV-35663,Delta Ltd,974967.92,APPROVED,Finance Controller
INV-35687,Jupiter Steel,906592.13,PENDING,Finance Controller
INV-35697,Falcon Tech,917654.3,PENDING,Finance Controller
INV-35699,Global Office Mart,990729.41,PENDING,Finance Controller
INV-35701,Falcon Tech,975732.1,PENDING,Finance Controller
INV-35752,Delta Ltd,926063.98,APPROVED,Finance Controller
INV-35776,Jupiter Steel,956262.09,PENDING,Finance Controller
INV-35787,Falcon Tech,904506.7,APPROVED,Finance Controller
INV-35810,Falcon Tech,942159.0,PENDING,Finance Controller
INV-35828,Falcon Tech,909849.2,PENDING,Finance Controller
INV-35837,Jupiter Steel,994969.0,PENDING,Finance Controller
INV-35859,Horizon Foods,995267.0,REVIEW,Finance Controller
INV-35881,Horizon Foods,915723.0,PENDING,Finance Controller
INV-35883,ABC Ltd,982302.0,REVIEW,Finance Controller
INV-35892,Kaveri Chemicals,943899.79,PENDING,Finance Controller
INV-35906,Apex Supplies,956713.4,PENDING,Finance Controller
INV-35907,Jupiter Steel,980527.41,PENDING,Finance Controller
INV-35921,ABC Ltd,965077.9,APPROVED,Finance Controller
INV-35950,Kaveri Chemicals,952242.0,REVIEW,Finance Controller
INV-35951,XYZ Corp,920742.3,PENDING,Finance Controller
INV-35952,Bright Logistics,971200.0,PENDING,Finance Controller
INV-35995,Apex Supplies,965526.0,PENDING,Finance Controller
INV-36002,Global Office Mart,995808.0,APPROVED,Finance Controller
INV-36013,Indigo Print Works,931086.0,APPROVED,Finance Controller
INV-36016,Apex Supplies,995854.2,PENDING,Finance Controller
INV-36027,ABC Ltd,953299.0,PENDING,Finance Controller
INV-36032,Lotus Packaging,919756.5,PENDING,Finance Controller
INV-36045,Horizon Foods,940885.9,PENDING,Finance Controller
INV-36048,Falcon Tech,939296.0,PENDING,Finance Controller
INV-36051,Lotus Packaging,942430.2,PENDING,Finance Controller
INV-36062,Apex Supplies,989923.7,PENDING,Finance Controller
INV-36063,Indigo Print Works,955583.0,PENDING,Finance Controller
INV-36067,Horizon Foods,933376.2,PENDING,Finance Controller
INV-36082,Apex Supplies,998929.0,APPROVED,Finance Controller
INV-36096,Kaveri Chemicals,997595.9,PENDING,Finance Controller
INV-36103,Delta Ltd,999902.94,PENDING,Finance Controller
INV-36124,Lotus Packaging,986331.2,PENDING,Finance Controller
INV-36142,Delta Ltd,912518.5,PENDING,Finance Controller
INV-36148,Horizon Foods,927866.0,PENDING,Finance Controller
INV-36168,Lotus Packaging,920920.83,PENDING,Finance Controller
INV-36185,Jupiter Steel,984784.1,PENDING,Finance Controller
INV-36191,ABC Ltd,906308.0,PENDING,Finance Controller
INV-36192,Lotus Packaging,901909.13,APPROVED,Finance Controller
INV-36194,Global Office Mart,955622.0,PENDING,Finance Controller
INV-36213,Nova Inc,965541.0,PENDING,Finance Controller
INV-36221,Global Office Mart,939248.69,PENDING,Finance Controller
INV-36225,XYZ Corp,915430.9,REVIEW,Finance Controller
INV-36239,Nova Inc,914530.29,PENDING,Finance Controller
INV-36240,Horizon Foods,943313.0,PENDING,Finance Controller
INV-36257,ABC Ltd,927847.0,PENDING,Finance Controller
INV-36278,,935519.6,PENDING,Finance Controller
INV-36281,Lotus Packaging,912324.3,APPROVED,Finance Controller
INV-36282,Delta Ltd,907799.0,REVIEW,Finance Controller
INV-36323,Falcon Tech,981491.93,PENDING,Finance Controller
INV-36325,ABC Ltd,926428.8,PENDING,Finance Controller
INV-36326,Delta Ltd,960729.35,PENDING,Finance Controller
INV-36328,Bright Logistics,992965.72,REVIEW,Finance Controller
INV-36331,Jupiter Steel,936002.26,PENDING,Finance Controller
INV-36336,Falcon Tech,951274.0,PENDING,Finance Controller
INV-36339,Nova Inc,945270.41,PENDING,Finance Controller
INV-36340,ABC Ltd,917142.9,APPROVED,Finance Controller
INV-36351,Lotus Packaging,928891.78,APPROVED,Finance Controller
INV-36364,Kaveri Chemicals,912598.4,PENDING,Finance Controller
INV-36365,Delta Ltd,905840.1,PENDING,Finance Controller
INV-36366,Indigo Print Works,997408.0,PENDING,Finance Controller
INV-36367,Delta Ltd,982341.9,PENDING,Finance Controller
INV-36371,XYZ Corp,926127.8,PENDING,Finance Controller
INV-36384,Global Office Mart,987328.53,PENDING,Finance Controller
INV-36398,Kaveri Chemicals,939843.81,PENDING,Finance Controller
INV-36403,Global Office Mart,914084.74,PENDING,Finance Controller
INV-36410,Bright Logistics,992850.8,PENDING,Finance Controller
INV-36439,Indigo Print Works,992821.0,REVIEW,Finance Controller
INV-36443,Horizon Foods,918393.38,PENDING,Finance Controller
INV-36447,Lotus Packaging,936740.8,PENDING,Finance Controller
INV-36458,Delta Ltd,999643.3,APPROVED,Finance Controller
INV-36482,Falcon Tech,901707.0,APPROVED,Finance Controller
INV-36498,Nova Inc,998183.97,PENDING,Finance Controller
INV-36508,Jupiter Steel,929098.6,REVIEW,Finance Controller
INV-36510,Indigo Print Works,968975.3,PENDING,Finance Controller
INV-36530,Falcon Tech,978416.12,PENDING,Finance Controller
INV-36537,Apex Supplies,929701.0,PENDING,Finance Controller
INV-36546,Delta Ltd,915223.25,PENDING,Finance Controller
INV-36547,Nova Inc,928209.0,PENDING,Finance Controller
INV-36564,XYZ Corp,950244.19,PENDING,Finance Controller
INV-36580,Lotus Packaging,976812.06,REVIEW,Finance Controller
INV-36583,Delta Ltd,931541.7,PENDING,Finance Controller
INV-36586,Jupiter Steel,954829.4,PENDING,Finance Controller
INV-36587,Falcon Tech,900404.0,PENDING,Finance Controller
INV-36592,XYZ Corp,934525.4,PENDING,Finance Controller
INV-36595,ABC Ltd,946780.2,,Finance Controller
INV-36600,ABC Ltd,950447.03,PENDING,Finance Controller
INV-36603,Global Office Mart,933394.64,PENDING,Finance Controller
INV-36607,XYZ Corp,951105.86,PENDING,Finance Controller
INV-36618,ABC Ltd,939371.09,APPROVED,Finance Controller
INV-36652,Apex Supplies,907051.2,PENDING,Finance Controller
INV-36659,Kaveri Chemicals,909967.8,APPROVED,Finance Controller
INV-36661,ABC Ltd,908393.0,PENDING,Finance Controller
INV-36675,Global Office Mart,934989.64,APPROVED,Finance Controller
INV-36691,Horizon Foods,913075.0,PENDING,Finance Controller
INV-36695,Bright Logistics,968793.1,PENDING,Finance Controller
INV-36705,Apex Supplies,993312.0,PENDING,Finance Controller
INV-36709,Lotus Packaging,992420.4,PENDING,Finance Controller
INV-36715,Indigo Print Works,925221.52,PENDING,Finance Controller
INV-36720,Lotus Packaging,992697.3,PENDING,Finance Controller
INV-36753,Apex Supplies,967063.0,REVIEW,Finance Controller
INV-36758,XYZ Corp,981903.85,PENDING,Finance Controller
INV-36771,Lotus Packaging,958703.0,PENDING,Finance Controller
INV-36779,Jupiter Steel,984398.0,APPROVED,Finance Controller
INV-36787,Kaveri Chemicals,963061.0,PENDING,Finance Controller
INV-36794,Global Office Mart,973677.0,APPROVED,Finance Controller
INV-36797,Delta Ltd,919478.92,APPROVED,Finance Controller
INV-36801,Falcon Tech,975005.0,APPROVED,Finance Controller
INV-36802,,921904.9,REVIEW,Finance Controller
INV-36817,Indigo Print Works,962088.46,PENDING,Finance Controller
INV-36822,Kaveri Chemicals,951515.0,PENDING,Finance Controller
INV-36823,Falcon Tech,968544.6,APPROVED,Finance Controller
INV-36834,Apex Supplies,929606.0,PENDING,Finance Controller
INV-36847,Falcon Tech,930204.0,REVIEW,Finance Controller
INV-36853,Nova Inc,993320.5,PENDING,Finance Controller
INV-36859,Indigo Print Works,995922.0,PENDING,Finance Controller
INV-36861,XYZ Corp,996021.1,PENDING,Finance Controller
INV-36864,Jupiter Steel,911663.0,APPROVED,Finance Controller
INV-36876,Kaveri Chemicals,933176.0,PENDING,Finance Controller
INV-36882,Delta Ltd,908242.0,PENDING,Finance Controller
INV-36889,Global Office Mart,962018.0,APPROVED,Finance Controller
INV-36905,Horizon Foods,904072.0,APPROVED,Finance Controller
INV-36920,Nova Inc,938704.0,PENDING,Finance Controller
INV-36926,,974970.6,PENDING,Finance Controller
INV-36929,Nova Inc,981215.2,PENDING,Finance Controller
INV-36954,Horizon Foods,935618.0,PENDING,Finance Controller
INV-36972,Indigo Print Works,927265.65,APPROVED,Finance Controller
INV-36975,Global Office Mart,922308.0,PENDING,Finance Controller
INV-36987,Horizon Foods,992514.6,PENDING,Finance Controller
INV-36989,Global Office Mart,969246.5,APPROVED,Finance Controller
INV-36990,Horizon Foods,948189.0,PENDING,Finance Controller
INV-36991,Kaveri Chemicals,914085.7,APPROVED,Finance Controller
INV-37006,Jupiter Steel,995713.96,APPROVED,Finance Controller
INV-37017,Lotus Packaging,924511.65,REVIEW,Finance Controller
INV-37025,Falcon Tech,961254.0,PENDING,Finance Controller
INV-37031,Falcon Tech,953654.15,PENDING,Finance Controller
INV-37043,Jupiter Steel,952091.43,PENDING,Finance Controller
INV-37051,XYZ Corp,999114.9,APPROVED,Finance Controller
INV-37073,ABC Ltd,914708.1,REVIEW,Finance Controller
INV-37104,Indigo Print Works,968539.7,REVIEW,Finance Controller
INV-37110,Falcon Tech,957739.62,PENDING,Finance Controller
INV-37127,Nova Inc,970633.96,PENDING,Finance Controller
INV-37140,Delta Ltd,911246.2,PENDING,Finance Controller
INV-37150,Indigo Print Works,967418.4,APPROVED,Finance Controller
INV-37168,ABC Ltd,979084.0,PENDING,Finance Controller
INV-37182,Falcon Tech,924524.0,PENDING,Finance Controller
INV-37183,Bright Logistics,933969.0,PENDING,Finance Controller
INV-37197,Bright Logistics,918940.99,PENDING,Finance Controller
INV-37199,Jupiter Steel,967048.75,PENDING,Finance Controller
INV-37215,Jupiter Steel,989773.4,APPROVED,Finance Controller
INV-37242,XYZ Corp,944995.88,APPROVED,Finance Controller
INV-37243,Global Office Mart,927801.0,APPROVED,Finance Controller
INV-37244,Nova Inc,932542.05,PENDING,Finance Controller
INV-37245,Apex Supplies,926901.6,APPROVED,Finance Controller
INV-37250,Falcon Tech,911999.0,PENDING,Finance Controller
INV-37251,Indigo Print Works,938075.3,PENDING,Finance Controller
INV-37264,Global Office Mart,924075.0,PENDING,Finance Controller
INV-37273,Kaveri Chemicals,945372.0,APPROVED,Finance Controller
INV-37292,ABC Ltd,994943.0,APPROVED,Finance Controller
INV-37294,Nova Inc,904801.95,PENDING,Finance Controller
INV-37317,Bright Logistics,904325.17,PENDING,Finance Controller
INV-37319,Lotus Packaging,971126.0,APPROVED,Finance Controller
INV-37322,ABC Ltd,933324.6,PENDING,Finance Controller
INV-37330,ABC Ltd,987753.83,PENDING,Finance Controller
INV-37336,Delta Ltd,902689.53,PENDING,Finance Controller
INV-37345,Bright Logistics,974791.8,PENDING,Finance Controller
INV-37357,Global Office Mart,913853.46,REVIEW,Finance Controller
INV-37377,Global Office Mart,965793.6,PENDING,Finance Controller
INV-37417,Bright Logistics,920670.8,PENDING,Finance Controller
INV-37423,Bright Logistics,951171.2,PENDING,Finance Controller
INV-37436,Lotus Packaging,966287.93,PENDING,Finance Controller
INV-37454,XYZ Corp,974033.51,APPROVED,Finance Controller
INV-37492,Kaveri Chemicals,972053.0,PENDING,Finance Controller
INV-37496,Nova Inc,920256.17,PENDING,Finance Controller
INV-37500,XYZ Corp,987075.0,APPROVED,Finance Controller
INV-37509,Bright Logistics,936243.2,PENDING,Finance Controller
INV-37513,Apex Supplies,924134.0,PENDING,Finance Controller
INV-37514,Horizon Foods,941918.8,APPROVED,Finance Controller
INV-37521,ABC Ltd,952650.9,APPROVED,Finance Controller
INV-37522,Lotus Packaging,979378.34,REVIEW,Finance Controller
INV-37523,Indigo Print Works,924655.0,PENDING,Finance Controller
INV-37535,Horizon Foods,949169.3,PENDING,Finance Controller
INV-37544,Delta Ltd,973318.8,PENDING,Finance Controller
INV-37555,Nova Inc,970714.0,PENDING,Finance Controller
INV-37567,Bright Logistics,947741.73,PENDING,Finance Controller
INV-37568,XYZ Corp,955604.1,PENDING,Finance Controller
INV-37569,Horizon Foods,900129.45,PENDING,Finance Controller
INV-37579,Horizon Foods,909331.0,PENDING,Finance Controller
INV-37581,Indigo Print Works,969021.0,PENDING,Finance Controller
INV-37586,Bright Logistics,955643.8,PENDING,Finance Controller
INV-37598,Apex Supplies,974590.1,PENDING,Finance Controller
INV-37617,Jupiter Steel,911439.0,PENDING,Finance Controller
INV-37621,ABC Ltd,907549.2,PENDING,Finance Controller
INV-37638,Bright Logistics,934350.0,PENDING,Finance Controller
INV-37644,Falcon Tech,942534.33,PENDING,Finance Controller
INV-37646,Jupiter Steel,941600.0,PENDING,Finance Controller
INV-37647,Delta Ltd,933011.11,REVIEW,Finance Controller
INV-37653,Jupiter Steel,939369.7,PENDING,Finance Controller
INV-37663,ABC Ltd,900028.0,,Finance Controller
INV-37673,Global Office Mart,928204.5,PENDING,Finance Controller
INV-37674,Global Office Mart,933664.5,,Finance Controller
INV-37682,Delta Ltd,929306.0,PENDING,Finance Controller
INV-37723,Horizon Foods,914679.6,REVIEW,Finance Controller
INV-37741,Falcon Tech,946430.0,APPROVED,Finance Controller
INV-37749,Delta Ltd,945583.98,PENDING,Finance Controller
INV-37756,Nova Inc,968853.0,PENDING,Finance Controller
INV-37760,Horizon Foods,959010.9,PENDING,Finance Controller
INV-37762,Delta Ltd,939627.0,APPROVED,Finance Controller
INV-37767,Nova Inc,979644.19,PENDING,Finance Controller
INV-37811,Jupiter Steel,941762.0,PENDING,Finance Controller
INV-37819,XYZ Corp,970268.0,APPROVED,Finance Controller
INV-37821,Global Office Mart,932431.0,PENDING,Finance Controller
INV-37822,Bright Logistics,920539.1,PENDING,Finance Controller
INV-37829,Kaveri Chemicals,951007.0,PENDING,Finance Controller
INV-37841,Horizon Foods,969421.5,PENDING,Finance Controller
INV-37845,Horizon Foods,969534.0,REVIEW,Finance Controller
INV-37861,Apex Supplies,902546.5,,Finance Controller
INV-37868,XYZ Corp,961705.72,PENDING,Finance Controller
INV-37872,ABC Ltd,941873.0,PENDING,Finance Controller
INV-37876,Kaveri Chemicals,999225.1,PENDING,Finance Controller
INV-37879,XYZ Corp,935511.93,PENDING,Finance Controller
INV-37884,Global Office Mart,977538.66,PENDING,Finance Controller
INV-37903,,984696.68,PENDING,Finance Controller
INV-37914,Horizon Foods,918441.6,REVIEW,Finance Controller
INV-37940,Global Office Mart,987750.0,PENDING,Finance Controller
INV-37941,Jupiter Steel,933027.0,APPROVED,Finance Controller
INV-37942,Bright Logistics,970473.0,PENDING,Finance Controller
INV-37960,Falcon Tech,901338.06,PENDING,Finance Controller
INV-37971,Indigo Print Works,933857.0,REVIEW,Finance Controller
INV-37985,Nova Inc,945119.61,PENDING,Finance Controller
INV-37989,Falcon Tech,922343.7,PENDING,Finance Controller
INV-38025,ABC Ltd,970051.0,APPROVED,Finance Controller
INV-38028,ABC Ltd,979033.3,PENDING,Finance Controller
INV-38076,ABC Ltd,903337.38,PENDING,Finance Controller
INV-38097,Jupiter Steel,964743.21,PENDING,Finance Controller
INV-38143,Lotus Packaging,958438.0,PENDING,Finance Controller
INV-38157,Delta Ltd,934155.69,PENDING,Finance Controller
INV-38211,Indigo Print Works,996102.0,PENDING,Finance Controller
INV-38214,Bright Logistics,901979.63,PENDING,Finance Controller
INV-38216,Bright Logistics,975845.4,PENDING,Finance Controller
INV-38217,Lotus Packaging,954739.1,PENDING,Finance Controller
INV-38225,Jupiter Steel,934887.72,PENDING,Finance Controller
INV-38230,Bright Logistics,935093.7,PENDING,Finance Controller
INV-38235,Apex Supplies,929002.74,PENDING,Finance Controller
INV-38254,XYZ Corp,912641.0,REVIEW,Finance Controller
INV-38255,Global Office Mart,925018.2,PENDING,Finance Controller
INV-38262,Lotus Packaging,945687.6,APPROVED,Finance Controller
INV-38270,Nova Inc,901106.0,REVIEW,Finance Controller
INV-38283,ABC Ltd,987570.0,PENDING,Finance Controller
INV-38303,Indigo Print Works,931409.8,REVIEW,Finance Controller
INV-38309,XYZ Corp,955968.62,PENDING,Finance Controller
INV-38313,Horizon Foods,978904.2,PENDING,Finance Controller
INV-38314,Lotus Packaging,947630.0,PENDING,Finance Controller
INV-38321,XYZ Corp,989703.7,PENDING,Finance Controller
INV-38323,Jupiter Steel,960707.0,APPROVED,Finance Controller
INV-38327,Global Office Mart,946567.0,PENDING,Finance Controller
INV-38334,Lotus Packaging,927407.3,PENDING,Finance Controller
INV-38338,Falcon Tech,938735.0,APPROVED,Finance Controller
INV-38347,Falcon Tech,932826.4,PENDING,Finance Controller
INV-38352,Delta Ltd,906992.2,PENDING,Finance Controller
INV-38367,Apex Supplies,935529.77,,Finance Controller
INV-38398,Horizon Foods,962223.0,PENDING,Finance Controller
INV-38408,Kaveri Chemicals,991138.4,PENDING,Finance Controller
INV-38430,ABC Ltd,931964.0,PENDING,Finance Controller
INV-38439,Global Office Mart,956063.0,PENDING,Finance Controller
INV-38487,Bright Logistics,913436.0,PENDING,Finance Controller
INV-38490,Horizon Foods,939317.0,APPROVED,Finance Controller
INV-38491,Kaveri Chemicals,971810.4,REVIEW,Finance Controller
INV-38497,Horizon Foods,918350.0,APPROVED,Finance Controller
INV-38507,Falcon Tech,953032.96,PENDING,Finance Controller
INV-38514,Lotus Packaging,976417.1,PENDING,Finance Controller
INV-38522,XYZ Corp,984261.5,PENDING,Finance Controller
INV-38529,Bright Logistics,984730.0,REVIEW,Finance Controller
INV-38531,Delta Ltd,997686.7,APPROVED,Finance Controller
INV-38554,Jupiter Steel,952364.1,APPROVED,Finance Controller
INV-38581,Global Office Mart,956442.63,PENDING,Finance Controller
INV-38582,Global Office Mart,920024.7,PENDING,Finance Controller
INV-38620,Falcon Tech,916100.0,PENDING,Finance Controller
INV-38622,Horizon Foods,927747.28,PENDING,Finance Controller
INV-38626,Jupiter Steel,985902.0,PENDING,Finance Controller
INV-38629,Nova Inc,995595.0,PENDING,Finance Controller
INV-38633,Delta Ltd,977040.0,PENDING,Finance Controller
INV-38670,Bright Logistics,997457.2,PENDING,Finance Controller
INV-38672,Indigo Print Works,995956.0,PENDING,Finance Controller
INV-38687,Horizon Foods,915703.46,PENDING,Finance Controller
INV-38707,Indigo Print Works,959594.7,PENDING,Finance Controller
INV-38714,,998597.4,APPROVED,Finance Controller
INV-38722,Lotus Packaging,985982.7,REVIEW,Finance Controller
INV-38733,Falcon Tech,994741.0,PENDING,Finance Controller
INV-38735,Nova Inc,999240.69,PENDING,Finance Controller
INV-38768,XYZ Corp,984422.82,APPROVED,Finance Controller
INV-38774,,908680.2,PENDING,Finance Controller
INV-38785,Apex Supplies,984213.6,PENDING,Finance Controller
INV-38801,Indigo Print Works,991131.0,PENDING,Finance Controller
INV-38807,Horizon Foods,943430.31,PENDING,Finance Controller
INV-38822,Horizon Foods,972538.4,REVIEW,Finance Controller
INV-38850,Indigo Print Works,976896.0,PENDING,Finance Controller
INV-38863,Delta Ltd,900283.0,PENDING,Finance Controller
INV-38878,Nova Inc,994535.9,APPROVED,Finance Controller
INV-38895,Horizon Foods,942366.6,PENDING,Finance Controller
INV-38901,Horizon Foods,974631.0,PENDING,Finance Controller
INV-38930,Jupiter Steel,978756.4,APPROVED,Finance Controller
INV-38940,Apex Supplies,998175.0,PENDING,Finance Controller
INV-38953,,902505.0,APPROVED,Finance Controller
INV-38969,Bright Logistics,983345.91,PENDING,Finance Controller
INV-38970,Delta Ltd,952216.69,PENDING,Finance Controller
INV-38984,XYZ Corp,929644.6,PENDING,Finance Controller
INV-38988,Nova Inc,922588.4,PENDING,Finance Controller
INV-38999,Lotus Packaging,933067.0,PENDING,Finance Controller
INV-39007,Indigo Print Works,991193.13,PENDING,Finance Controller
INV-39008,ABC Ltd,979750.7,APPROVED,Finance Controller
INV-39018,XYZ Corp,946335.22,APPROVED,Finance Controller
INV-39024,Jupiter Steel,981705.0,APPROVED,Finance Controller
INV-39026,Global Office Mart,972634.77,REVIEW,Finance Controller
INV-39039,Falcon Tech,926890.75,PENDING,Finance Controller
INV-39044,Nova Inc,913255.2,PENDING,Finance Controller
INV-39049,XYZ Corp,984516.3,APPROVED,Finance Controller
INV-39051,,937311.22,PENDING,Finance Controller
INV-39059,Jupiter Steel,966942.0,APPROVED,Finance Controller
INV-39084,Horizon Foods,961757.3,PENDING,Finance Controller
INV-39096,Kaveri Chemicals,919352.3,PENDING,Finance Controller
INV-39113,Jupiter Steel,917134.0,PENDING,Finance Controller
INV-39118,Kaveri Chemicals,990234.0,PENDING,Finance Controller
INV-39124,Jupiter Steel,973399.9,PENDING,Finance Controller
INV-39128,Global Office Mart,997999.6,PENDING,Finance Controller
INV-39147,Horizon Foods,971855.8,PENDING,Finance Controller
INV-39171,Global Office Mart,998896.5,PENDING,Finance Controller
INV-39177,Kaveri Chemicals,936715.15,PENDING,Finance Controller
INV-39193,Jupiter Steel,952916.3,PENDING,Finance Controller
INV-39198,Horizon Foods,919328.8,PENDING,Finance Controller
INV-39201,Global Office Mart,909852.0,REVIEW,Finance Controller
INV-39203,Global Office Mart,934802.7,PENDING,Finance Controller
INV-39207,Indigo Print Works,916250.0,PENDING,Finance Controller
INV-39208,Bright Logistics,918073.0,PENDING,Finance Controller
INV-39220,ABC Ltd,937587.0,PENDING,Finance Controller
INV-39254,ABC Ltd,931681.8,APPROVED,Finance Controller
INV-39255,Apex Supplies,985223.94,PENDING,Finance Controller
INV-39269,Nova Inc,917372.95,PENDING,Finance Controller
INV-39279,XYZ Corp,996780.4,PENDING,Finance Controller
INV-39295,XYZ Corp,978822.76,PENDING,Finance Controller
INV-39301,ABC Ltd,966584.92,PENDING,Finance Controller
INV-39303,Global Office Mart,937552.1,REVIEW,Finance Controller
INV-39320,Delta Ltd,957334.0,PENDING,Finance Controller
INV-39339,Nova Inc,972009.0,PENDING,Finance Controller
INV-39342,,992326.0,PENDING,Finance Controller
INV-39372,Nova Inc,984101.0,PENDING,Finance Controller
INV-39374,Nova Inc,991507.49,PENDING,Finance Controller
INV-39387,Horizon Foods,935682.0,REVIEW,Finance Controller
INV-39388,ABC Ltd,983177.23,PENDING,Finance Controller
INV-39397,Falcon Tech,998137.1,PENDING,Finance Controller
INV-39408,Nova Inc,932736.9,PENDING,Finance Controller
INV-39413,Delta Ltd,934296.3,PENDING,Finance Controller
INV-39420,Falcon Tech,967274.1,PENDING,Finance Controller
INV-39432,Global Office Mart,912774.0,REVIEW,Finance Controller
INV-39438,,953064.0,PENDING,Finance Controller
INV-39457,Falcon Tech,901683.0,PENDING,Finance Controller
INV-39458,Horizon Foods,929810.0,REVIEW,Finance Controller
INV-39469,Jupiter Steel,953732.47,PENDING,Finance Controller
INV-39470,Nova Inc,962482.0,PENDING,Finance Controller
INV-39472,Falcon Tech,952893.83,APPROVED,Finance Controller
INV-39501,Bright Logistics,973823.6,PENDING,Finance Controller
INV-39505,Apex Supplies,986025.0,PENDING,Finance Controller
INV-39509,XYZ Corp,948380.4,PENDING,Finance Controller
INV-39510,Nova Inc,974425.9,APPROVED,Finance Controller
INV-39515,Apex Supplies,929614.2,PENDING,Finance Controller
INV-39522,Kaveri Chemicals,962632.47,APPROVED,Finance Controller
INV-39525,Bright Logistics,962233.71,APPROVED,Finance Controller
INV-39536,Kaveri Chemicals,992403.2,PENDING,Finance Controller
INV-39537,Nova Inc,950315.0,PENDING,Finance Controller
INV-39540,Lotus Packaging,984790.0,REVIEW,Finance Controller
INV-39554,Horizon Foods,906062.0,REVIEW,Finance Controller
INV-39556,Kaveri Chemicals,954543.3,PENDING,Finance Controller
INV-39559,Falcon Tech,956765.0,PENDING,Finance Controller
INV-39568,Apex Supplies,944328.48,PENDING,Finance Controller
INV-39577,XYZ Corp,900977.0,PENDING,Finance Controller
INV-39580,Apex Supplies,926069.0,APPROVED,Finance Controller
INV-39599,Horizon Foods,963390.66,PENDING,Finance Controller
INV-39600,Apex Supplies,950283.3,REVIEW,Finance Controller
INV-39602,XYZ Corp,941067.3,APPROVED,Finance Controller
INV-39611,Apex Supplies,954311.01,PENDING,Finance Controller
INV-39615,Jupiter Steel,955845.0,REVIEW,Finance Controller
INV-39625,Falcon Tech,993165.7,PENDING,Finance Controller
INV-39636,Indigo Print Works,985231.29,PENDING,Finance Controller
INV-39644,Bright Logistics,913497.0,PENDING,Finance Controller
INV-39646,Apex Supplies,990980.0,PENDING,Finance Controller
INV-39682,,907898.0,REVIEW,Finance Controller
INV-39685,Lotus Packaging,960441.4,PENDING,Finance Controller
INV-39686,ABC Ltd,964599.0,PENDING,Finance Controller
INV-39687,Lotus Packaging,974964.43,PENDING,Finance Controller
INV-39691,Jupiter Steel,923765.8,PENDING,Finance Controller
INV-39701,XYZ Corp,969968.0,PENDING,Finance Controller
INV-39708,Horizon Foods,968570.73,REVIEW,Finance Controller
INV-39716,Lotus Packaging,938552.7,PENDING,Finance Controller
INV-39726,Bright Logistics,935806.5,PENDING,Finance Controller
INV-39728,Lotus Packaging,962595.07,PENDING,Finance Controller
INV-39735,XYZ Corp,903698.0,REVIEW,Finance Controller
INV-39740,Horizon Foods,939466.5,APPROVED,Finance Controller
INV-39757,Apex Supplies,957898.9,REVIEW,Finance Controller
INV-39760,Lotus Packaging,991227.6,PENDING,Finance Controller
INV-39775,Apex Supplies,954186.0,PENDING,Finance Controller
INV-39794,Bright Logistics,931199.15,PENDING,Finance Controller
INV-39795,XYZ Corp,905970.47,PENDING,Finance Controller
INV-39799,Kaveri Chemicals,966564.5,PENDING,Finance Controller
INV-39818,Indigo Print Works,941339.0,PENDING,Finance Controller
INV-39823,Apex Supplies,916594.0,REVIEW,Finance Controller
INV-39829,Bright Logistics,932426.0,PENDING,Finance Controller
INV-39838,Horizon Foods,978439.0,APPROVED,Finance Controller
INV-39841,Indigo Print Works,998808.4,PENDING,Finance Controller
INV-39843,Horizon Foods,984597.0,APPROVED,Finance Controller
INV-39847,Nova Inc,996579.51,PENDING,Finance Controller
INV-39849,,966873.4,APPROVED,Finance Controller
INV-39860,Bright Logistics,922234.0,PENDING,Finance Controller
INV-39865,ABC Ltd,971813.0,PENDING,Finance Controller
INV-39871,Indigo Print Works,998310.0,PENDING,Finance Controller
INV-39881,Kaveri Chemicals,922146.0,PENDING,Finance Controller
INV-39894,Horizon Foods,980933.1,PENDING,Finance Controller
INV-39903,Falcon Tech,956592.37,APPROVED,Finance Controller
INV-39906,Apex Supplies,940985.79,PENDING,Finance Controller
INV-39916,XYZ Corp,972524.5,PENDING,Finance Controller
INV-39917,XYZ Corp,930262.5,PENDING,Finance Controller
INV-39918,Global Office Mart,977973.66,APPROVED,Finance Controller
INV-39920,Nova Inc,954923.0,APPROVED,Finance Controller
INV-39922,Lotus Packaging,972545.7,REVIEW,Finance Controller
INV-39941,Horizon Foods,953634.0,APPROVED,Finance Controller
INV-39949,Indigo Print Works,947135.49,PENDING,Finance Controller
INV-39960,XYZ Corp,941848.32,PENDING,Finance Controller
INV-39964,XYZ Corp,949329.0,PENDING,Finance Controller
INV-39965,Lotus Packaging,970058.2,PENDING,Finance Controller
INV-39967,XYZ Corp,942134.0,PENDING,Finance Controller
INV-39985,Nova Inc,993579.0,REVIEW,Finance Controller
INV-39986,Delta Ltd,938834.02,PENDING,Finance Controller
INV-39993,Kaveri Chemicals,948247.1,PENDING,Finance Controller
INV-39994,Nova Inc,944690.0,PENDING,Finance Controller
INV-39996,Jupiter Steel,968177.0,PENDING,Finance Controller
INV-40005,Nova Inc,967199.4,APPROVED,Finance Controller
INV-40018,Lotus Packaging,931395.0,APPROVED,Finance Controller
INV-40022,Jupiter Steel,953744.0,PENDING,Finance Controller
INV-40027,Horizon Foods,988935.0,PENDING,Finance Controller
INV-40041,Apex Supplies,991182.2,PENDING,Finance Controller
INV-40044,Kaveri Chemicals,911853.7,PENDING,Finance Controller
INV-40081,Global Office Mart,902140.0,PENDING,Finance Controller
INV-40088,Nova Inc,959649.0,PENDING,Finance Controller
INV-40093,Delta Ltd,974747.65,APPROVED,Finance Controller
INV-40097,Apex Supplies,945127.0,PENDING,Finance Controller
INV-40100,Nova Inc,996465.0,PENDING,Finance Controller
INV-40108,Jupiter Steel,932303.34,PENDING,Finance Controller
INV-40110,ABC Ltd,971620.0,PENDING,Finance Controller
INV-40111,,942730.3,PENDING,Finance Controller
INV-40135,Nova Inc,913735.58,APPROVED,Finance Controller
INV-40155,XYZ Corp,901009.0,PENDING,Finance Controller
INV-40159,Jupiter Steel,910447.97,APPROVED,Finance Controller
INV-40166,XYZ Corp,929792.0,APPROVED,Finance Controller
INV-40199,,906368.0,PENDING,Finance Controller
INV-40201,Kaveri Chemicals,993358.0,PENDING,Finance Controller
INV-40209,Kaveri Chemicals,906068.78,APPROVED,Finance Controller
INV-40222,Delta Ltd,971384.75,PENDING,Finance Controller
INV-40240,XYZ Corp,978142.0,APPROVED,Finance Controller
INV-40245,Bright Logistics,931156.0,PENDING,Finance Controller
INV-40259,Nova Inc,958410.0,PENDING,Finance Controller
INV-40262,Jupiter Steel,989454.36,PENDING,Finance Controller
INV-40286,Bright Logistics,907319.99,REVIEW,Finance Controller
INV-40288,Lotus Packaging,919314.69,PENDING,Finance Controller
INV-40291,ABC Ltd,971878.1,APPROVED,Finance Controller
INV-40332,Apex Supplies,999336.0,PENDING,Finance Controller
INV-40351,,934040.8,PENDING,Finance Controller
INV-40381,XYZ Corp,901515.8,PENDING,Finance Controller
INV-40390,Kaveri Chemicals,932433.56,REVIEW,Finance Controller
INV-40438,Kaveri Chemicals,933458.92,PENDING,Finance Controller
INV-40454,Nova Inc,958522.0,PENDING,Finance Controller
INV-40462,Lotus Packaging,902405.23,REVIEW,Finance Controller
INV-40465,Jupiter Steel,998994.0,PENDING,Finance Controller
INV-40468,Lotus Packaging,939339.0,APPROVED,Finance Controller
INV-40500,Jupiter Steel,941097.4,PENDING,Finance Controller
INV-40504,Jupiter Steel,920072.32,APPROVED,Finance Controller
INV-40509,Nova Inc,911447.63,PENDING,Finance Controller
INV-40512,Jupiter Steel,943132.0,PENDING,Finance Controller
INV-40514,Falcon Tech,929217.0,PENDING,Finance Controller
INV-40517,Apex Supplies,950378.3,APPROVED,Finance Controller
INV-40520,Global Office Mart,972551.19,PENDING,Finance Controller
INV-40525,Bright Logistics,943893.94,PENDING,Finance Controller
INV-40536,Horizon Foods,956052.64,PENDING,Finance Controller
INV-40537,XYZ Corp,916613.8,APPROVED,Finance Controller
INV-40541,Indigo Print Works,971656.0,PENDING,Finance Controller
INV-40585,Kaveri Chemicals,968636.9,PENDING,Finance Controller
INV-40595,Nova Inc,911014.38,PENDING,Finance Controller
INV-40668,Lotus Packaging,990054.0,REVIEW,Finance Controller
INV-40673,Lotus Packaging,954133.86,PENDING,Finance Controller
INV-40695,Jupiter Steel,979287.0,APPROVED,Finance Controller
INV-40698,Jupiter Steel,918465.0,PENDING,Finance Controller
INV-40706,Apex Supplies,984503.0,PENDING,Finance Controller
INV-40711,Bright Logistics,961868.0,PENDING,Finance Controller
INV-40717,Delta Ltd,944504.4,PENDING,Finance Controller
INV-40730,Falcon Tech,937135.5,REVIEW,Finance Controller
INV-40745,Lotus Packaging,980662.0,PENDING,Finance Controller
INV-40746,Apex Supplies,980072.71,PENDING,Finance Controller
INV-40752,,970784.29,PENDING,Finance Controller
INV-40753,ABC Ltd,961688.4,PENDING,Finance Controller
INV-40764,Indigo Print Works,910110.1,PENDING,Finance Controller
INV-40789,Bright Logistics,962277.36,PENDING,Finance Controller
INV-40805,,932522.0,PENDING,Finance Controller
INV-40826,Indigo Print Works,910480.0,PENDING,Finance Controller
INV-40829,Kaveri Chemicals,982429.0,PENDING,Finance Controller
INV-40841,Apex Supplies,932675.0,PENDING,Finance Controller
INV-40842,ABC Ltd,907683.39,PENDING,Finance Controller
INV-40861,Falcon Tech,998683.0,PENDING,Finance Controller
INV-40863,ABC Ltd,965436.9,PENDING,Finance Controller
INV-40889,Horizon Foods,951687.02,PENDING,Finance Controller
INV-40908,Delta Ltd,975098.89,PENDING,Finance Controller
INV-40910,Global Office Mart,931358.0,PENDING,Finance Controller
INV-40920,Apex Supplies,974506.95,PENDING,Finance Controller
INV-40923,ABC Ltd,939142.5,PENDING,Finance Controller
INV-40926,Nova Inc,909192.5,PENDING,Finance Controller
INV-40929,Jupiter Steel,925081.0,PENDING,Finance Controller
INV-40939,ABC Ltd,909471.98,PENDING,Finance Controller
INV-40958,Bright Logistics,996694.7,REVIEW,Finance Controller
INV-40964,Falcon Tech,914971.82,PENDING,Finance Controller
INV-40971,Apex Supplies,947427.0,REVIEW,Finance Controller
INV-40973,Indigo Print Works,986449.0,PENDING,Finance Controller
INV-41026,Delta Ltd,937604.4,APPROVED,Finance Controller
INV-41033,Jupiter Steel,906118.1,,Finance Controller
INV-41038,Delta Ltd,916481.98,REVIEW,Finance Controller
INV-41068,ABC Ltd,989874.0,PENDING,Finance Controller
INV-41086,Bright Logistics,980452.0,REVIEW,Finance Controller
INV-41113,ABC Ltd,928943.0,REVIEW,Finance Controller
INV-41123,Bright Logistics,931184.0,PENDING,Finance Controller
INV-41135,Nova Inc,943610.0,PENDING,Finance Controller
INV-41136,Bright Logistics,927001.9,PENDING,Finance Controller
INV-41151,XYZ Corp,994465.04,APPROVED,Finance Controller
INV-41154,Nova Inc,958212.0,PENDING,Finance Controller
INV-41164,Bright Logistics,989181.76,PENDING,Finance Controller
INV-41169,Falcon Tech,933388.0,PENDING,Finance Controller
INV-41181,Jupiter Steel,972899.49,PENDING,Finance Controller
INV-41192,Global Office Mart,947329.0,APPROVED,Finance Controller
INV-41204,Jupiter Steel,912260.39,PENDING,Finance Controller
INV-41214,Horizon Foods,903376.18,PENDING,Finance Controller
INV-41216,Jupiter Steel,998208.9,PENDING,Finance Controller
INV-41218,Indigo Print Works,911620.26,APPROVED,Finance Controller
INV-41220,Bright Logistics,936683.3,PENDING,Finance Controller
INV-41256,XYZ Corp,960908.0,PENDING,Finance Controller
INV-41265,Lotus Packaging,925878.0,PENDING,Finance Controller
INV-41273,Lotus Packaging,969466.0,PENDING,Finance Controller
INV-41294,Global Office Mart,957604.17,PENDING,Finance Controller
INV-41301,Global Office Mart,938643.0,APPROVED,Finance Controller
INV-41307,ABC Ltd,944649.4,PENDING,Finance Controller
INV-41311,Indigo Print Works,975580.0,PENDING,Finance Controller
INV-41340,XYZ Corp,931918.0,PENDING,Finance Controller
INV-41348,Horizon Foods,909800.08,APPROVED,Finance Controller
INV-41349,Horizon Foods,982309.6,PENDING,Finance Controller
INV-41351,XYZ Corp,915428.89,PENDING,Finance Controller
INV-41352,XYZ Corp,987075.4,PENDING,Finance Controller
INV-41371,Horizon Foods,975381.44,APPROVED,Finance Controller
INV-41373,Delta Ltd,972980.0,PENDING,Finance Controller
INV-41378,Lotus Packaging,959472.4,PENDING,Finance Controller
INV-41382,Falcon Tech,943032.6,PENDING,Finance Controller
INV-41383,Delta Ltd,926578.0,REVIEW,Finance Controller
INV-41391,Apex Supplies,942199.41,PENDING,Finance Controller
INV-41392,XYZ Corp,921198.2,APPROVED,Finance Controller
INV-41410,Indigo Print Works,934790.0,APPROVED,Finance Controller
INV-41413,Delta Ltd,980106.0,PENDING,Finance Controller
INV-41428,Jupiter Steel,931359.5,PENDING,Finance Controller
INV-41432,Bright Logistics,967063.86,PENDING,Finance Controller
INV-41442,Global Office Mart,948117.0,APPROVED,Finance Controller
INV-41447,Jupiter Steel,915743.35,APPROVED,Finance Controller
INV-41458,Apex Supplies,992708.91,PENDING,Finance Controller
INV-41482,Global Office Mart,936375.41,PENDING,Finance Controller
INV-41492,Nova Inc,974149.35,REVIEW,Finance Controller
INV-41510,Kaveri Chemicals,902814.0,PENDING,Finance Controller
INV-41512,Kaveri Chemicals,950924.1,APPROVED,Finance Controller
INV-41522,Delta Ltd,937246.0,PENDING,Finance Controller
INV-41536,Jupiter Steel,991559.0,APPROVED,Finance Controller
INV-41544,ABC Ltd,977099.0,PENDING,Finance Controller
INV-41547,Falcon Tech,971946.2,PENDING,Finance Controller
INV-41558,Jupiter Steel,987761.3,PENDING,Finance Controller
INV-41562,Apex Supplies,910339.6,PENDING,Finance Controller
INV-41572,XYZ Corp,908330.0,PENDING,Finance Controller
INV-41580,ABC Ltd,943432.5,PENDING,Finance Controller
INV-41584,Nova Inc,917469.76,PENDING,Finance Controller
INV-41589,Delta Ltd,997630.31,APPROVED,Finance Controller
INV-41591,ABC Ltd,923999.4,PENDING,Finance Controller
INV-41596,Lotus Packaging,981985.2,PENDING,Finance Controller
INV-41602,Falcon Tech,970674.6,APPROVED,Finance Controller
INV-41611,Jupiter Steel,985526.05,REVIEW,Finance Controller
INV-41658,Bright Logistics,923888.3,PENDING,Finance Controller
INV-41680,Global Office Mart,913476.4,PENDING,Finance Controller
INV-41712,Jupiter Steel,943075.0,PENDING,Finance Controller
INV-41716,Kaveri Chemicals,918919.0,PENDING,Finance Controller
INV-41731,Global Office Mart,982337.0,APPROVED,Finance Controller
INV-41735,Kaveri Chemicals,932689.61,PENDING,Finance Controller
INV-41736,Indigo Print Works,928181.76,PENDING,Finance Controller
INV-41738,Bright Logistics,904721.57,PENDING,Finance Controller
INV-41745,Apex Supplies,905966.0,REVIEW,Finance Controller
INV-41751,Global Office Mart,920446.6,PENDING,Finance Controller
INV-41761,Delta Ltd,965268.5,REVIEW,Finance Controller
INV-41768,XYZ Corp,999464.0,PENDING,Finance Controller
INV-41773,Delta Ltd,969457.52,PENDING,Finance Controller
INV-41774,Jupiter Steel,974732.2,PENDING,Finance Controller
INV-41793,Apex Supplies,904262.56,PENDING,Finance Controller
INV-41831,Jupiter Steel,991029.2,PENDING,Finance Controller
INV-41838,Indigo Print Works,985127.0,PENDING,Finance Controller
INV-41839,Apex Supplies,949513.3,APPROVED,Finance Controller
INV-41857,XYZ Corp,916372.25,PENDING,Finance Controller
INV-41889,XYZ Corp,902249.3,APPROVED,Finance Controller
INV-41890,Bright Logistics,939206.0,PENDING,Finance Controller
INV-41894,Nova Inc,958214.0,PENDING,Finance Controller
INV-41913,Delta Ltd,989992.0,PENDING,Finance Controller
INV-41931,Indigo Print Works,971156.62,PENDING,Finance Controller
INV-41933,Jupiter Steel,919769.0,PENDING,Finance Controller
INV-41934,Indigo Print Works,998234.9,PENDING,Finance Controller
INV-41935,Apex Supplies,901166.9,PENDING,Finance Controller
INV-41943,Jupiter Steel,913153.72,PENDING,Finance Controller
INV-41953,Nova Inc,979771.8,APPROVED,Finance Controller
INV-41954,Nova Inc,960325.0,APPROVED,Finance Controller
INV-41957,Kaveri Chemicals,983901.0,APPROVED,Finance Controller
INV-41969,Delta Ltd,917104.0,REVIEW,Finance Controller
INV-41993,Lotus Packaging,959336.0,REVIEW,Finance Controller
INV-41996,Apex Supplies,909791.5,PENDING,Finance Controller
INV-41998,Jupiter Steel,954232.0,PENDING,Finance Controller
INV-42018,Global Office Mart,940527.48,PENDING,Finance Controller
INV-42080,Nova Inc,928667.0,PENDING,Finance Controller
INV-42082,Horizon Foods,951847.56,PENDING,Finance Controller
INV-42089,Kaveri Chemicals,955037.14,PENDING,Finance Controller
INV-42105,XYZ Corp,934391.0,PENDING,Finance Controller
INV-42107,Horizon Foods,976784.0,PENDING,Finance Controller
INV-42108,ABC Ltd,989246.6,PENDING,Finance Controller
INV-42126,Falcon Tech,913657.0,PENDING,Finance Controller
INV-42133,Lotus Packaging,954645.0,PENDING,Finance Controller
INV-42165,Horizon Foods,902006.56,APPROVED,Finance Controller
INV-42167,XYZ Corp,995245.0,PENDING,Finance Controller
INV-42202,Global Office Mart,925388.9,PENDING,Finance Controller
INV-42213,Indigo Print Works,972925.3,PENDING,Finance Controller
INV-42226,Falcon Tech,919032.0,PENDING,Finance Controller
INV-42230,Falcon Tech,981656.0,APPROVED,Finance Controller
INV-42278,ABC Ltd,973628.1,PENDING,Finance Controller
INV-42283,Nova Inc,979206.0,PENDING,Finance Controller
INV-42284,Nova Inc,971856.0,PENDING,Finance Controller
INV-42311,Kaveri Chemicals,954846.2,PENDING,Finance Controller
INV-42331,Apex Supplies,967296.0,PENDING,Finance Controller
INV-42347,Apex Supplies,916109.8,PENDING,Finance Controller
INV-42349,Falcon Tech,909046.0,PENDING,Finance Controller
INV-42381,XYZ Corp,935339.03,PENDING,Finance Controller
INV-42407,Falcon Tech,934511.6,PENDING,Finance Controller
INV-42413,Nova Inc,980828.0,PENDING,Finance Controller
INV-42419,XYZ Corp,906639.8,PENDING,Finance Controller
INV-42425,Indigo Print Works,921298.7,PENDING,Finance Controller
INV-42430,Horizon Foods,974673.4,PENDING,Finance Controller
INV-42432,XYZ Corp,994200.93,PENDING,Finance Controller
INV-42447,Jupiter Steel,908089.84,PENDING,Finance Controller
INV-42456,Apex Supplies,988779.6,PENDING,Finance Controller
INV-42459,Bright Logistics,909638.9,PENDING,Finance Controller
INV-42460,Global Office Mart,913659.03,PENDING,Finance Controller
INV-42469,Jupiter Steel,937034.75,APPROVED,Finance Controller
INV-42495,Lotus Packaging,903855.9,APPROVED,Finance Controller
INV-42533,ABC Ltd,956369.2,PENDING,Finance Controller
INV-42535,Apex Supplies,902225.0,REVIEW,Finance Controller
INV-42539,Global Office Mart,918433.2,APPROVED,Finance Controller
INV-42543,,935118.0,PENDING,Finance Controller
INV-42558,Jupiter Steel,910939.6,REVIEW,Finance Controller
INV-42560,Kaveri Chemicals,974393.0,PENDING,Finance Controller
INV-42565,Bright Logistics,901474.0,APPROVED,Finance Controller
INV-42580,XYZ Corp,997837.0,PENDING,Finance Controller
INV-42583,ABC Ltd,971403.45,APPROVED,Finance Controller
INV-42647,Global Office Mart,986883.4,PENDING,Finance Controller
INV-42665,Nova Inc,976493.0,PENDING,Finance Controller
INV-42690,Delta Ltd,964747.0,PENDING,Finance Controller
INV-42693,XYZ Corp,923210.43,PENDING,Finance Controller
INV-42697,ABC Ltd,945346.0,APPROVED,Finance Controller
INV-42699,Lotus Packaging,967769.17,REVIEW,Finance Controller
INV-42704,Global Office Mart,999268.11,PENDING,Finance Controller
INV-42706,Lotus Packaging,985529.0,APPROVED,Finance Controller
INV-42711,Indigo Print Works,987992.8,PENDING,Finance Controller
INV-42713,Indigo Print Works,935458.0,REVIEW,Finance Controller
INV-42717,Kaveri Chemicals,924683.29,PENDING,Finance Controller
INV-42723,Indigo Print Works,956825.0,PENDING,Finance Controller
INV-42743,Delta Ltd,990636.3,PENDING,Finance Controller
INV-42757,Bright Logistics,936573.57,PENDING,Finance Controller
INV-42760,Apex Supplies,950700.1,PENDING,Finance Controller
INV-42761,Global Office Mart,910338.2,PENDING,Finance Controller
INV-42762,Apex Supplies,979313.02,APPROVED,Finance Controller
INV-42771,Lotus Packaging,977110.7,PENDING,Finance Controller
INV-42780,ABC Ltd,909470.0,PENDING,Finance Controller
INV-42783,Apex Supplies,936451.44,APPROVED,Finance Controller
INV-42784,Indigo Print Works,987367.0,PENDING,Finance Controller
INV-42789,Nova Inc,953647.0,PENDING,Finance Controller
INV-42796,Bright Logistics,986112.42,PENDING,Finance Controller
INV-42809,Indigo Print Works,945442.0,PENDING,Finance Controller
INV-42812,Lotus Packaging,950275.9,PENDING,Finance Controller
INV-42820,Lotus Packaging,973531.0,PENDING,Finance Controller
INV-42842,Indigo Print Works,961105.75,PENDING,Finance Controller
INV-42843,Indigo Print Works,984133.8,PENDING,Finance Controller
INV-42852,Indigo Print Works,935456.04,APPROVED,Finance Controller
INV-42858,Nova Inc,965961.0,PENDING,Finance Controller
INV-42865,Indigo Print Works,998709.6,PENDING,Finance Controller
INV-42868,Delta Ltd,916489.0,PENDING,Finance Controller
INV-42873,Lotus Packaging,983860.2,PENDING,Finance Controller
INV-42882,Kaveri Chemicals,973931.0,PENDING,Finance Controller
INV-42903,Apex Supplies,943683.0,APPROVED,Finance Controller
INV-42913,Horizon Foods,956457.7,PENDING,Finance Controller
INV-42922,Indigo Print Works,972298.0,REVIEW,Finance Controller
INV-42932,Global Office Mart,906394.0,APPROVED,Finance Controller
INV-42934,Global Office Mart,986051.0,PENDING,Finance Controller
INV-42951,Horizon Foods,907114.0,PENDING,Finance Controller
INV-42969,Kaveri Chemicals,958542.8,REVIEW,Finance Controller
INV-42986,Bright Logistics,983089.0,PENDING,Finance Controller
INV-42993,Kaveri Chemicals,950345.5,APPROVED,Finance Controller
INV-43003,Delta Ltd,970511.9,PENDING,Finance Controller
INV-43006,Lotus Packaging,937799.76,PENDING,Finance Controller
INV-43007,Horizon Foods,954632.0,PENDING,Finance Controller
INV-43058,ABC Ltd,910629.34,REVIEW,Finance Controller
INV-43062,Lotus Packaging,930738.46,PENDING,Finance Controller
INV-43068,Kaveri Chemicals,937179.0,PENDING,Finance Controller
INV-43091,Global Office Mart,932013.6,APPROVED,Finance Controller
INV-43099,Lotus Packaging,923176.0,PENDING,Finance Controller
INV-43106,Indigo Print Works,905949.0,PENDING,Finance Controller
INV-43108,Apex Supplies,996519.36,PENDING,Finance Controller
INV-43129,Kaveri Chemicals,944841.0,PENDING,Finance Controller
INV-43130,XYZ Corp,938210.0,PENDING,Finance Controller
INV-43142,,921761.8,PENDING,Finance Controller
INV-43147,Horizon Foods,995049.9,PENDING,Finance Controller
INV-43155,Jupiter Steel,901479.61,PENDING,Finance Controller
INV-43171,Apex Supplies,906865.88,PENDING,Finance Controller
INV-43172,Lotus Packaging,933769.69,PENDING,Finance Controller
INV-43180,Jupiter Steel,950474.08,PENDING,Finance Controller
INV-43201,Kaveri Chemicals,915010.0,PENDING,Finance Controller
INV-43207,Horizon Foods,951104.0,REVIEW,Finance Controller
INV-43222,Apex Supplies,922619.8,PENDING,Finance Controller
INV-43233,ABC Ltd,910662.51,APPROVED,Finance Controller
INV-43234,Kaveri Chemicals,944073.9,REVIEW,Finance Controller
INV-43244,Lotus Packaging,975739.46,APPROVED,Finance Controller
INV-43248,Lotus Packaging,978697.0,REVIEW,Finance Controller
INV-43252,Kaveri Chemicals,911357.6,REVIEW,Finance Controller
INV-43266,Apex Supplies,995259.0,PENDING,Finance Controller
INV-43278,Nova Inc,937950.0,PENDING,Finance Controller
INV-43295,Jupiter Steel,963854.0,PENDING,Finance Controller
INV-43319,Kaveri Chemicals,978439.0,PENDING,Finance Controller
INV-43323,Lotus Packaging,918005.0,PENDING,Finance Controller
INV-43331,,960535.0,PENDING,Finance Controller
INV-43356,Lotus Packaging,938506.8,PENDING,Finance Controller
INV-43357,Lotus Packaging,982602.0,PENDING,Finance Controller
INV-43360,Nova Inc,925184.0,PENDING,Finance Controller
INV-43381,Delta Ltd,945007.58,APPROVED,Finance Controller
INV-43409,Horizon Foods,942059.0,PENDING,Finance Controller
INV-43427,Falcon Tech,948008.5,PENDING,Finance Controller
INV-43445,Delta Ltd,934933.4,PENDING,Finance Controller
INV-43450,,968840.2,APPROVED,Finance Controller
INV-43451,Bright Logistics,933995.0,APPROVED,Finance Controller
INV-43453,XYZ Corp,947392.0,PENDING,Finance Controller
INV-43466,Lotus Packaging,969333.05,PENDING,Finance Controller
INV-43471,Delta Ltd,946211.0,PENDING,Finance Controller
INV-43477,Jupiter Steel,984667.0,PENDING,Finance Controller
INV-43481,ABC Ltd,955331.4,PENDING,Finance Controller
INV-43486,Global Office Mart,944102.0,PENDING,Finance Controller
INV-43494,Delta Ltd,933981.0,PENDING,Finance Controller
INV-43501,ABC Ltd,900072.2,REVIEW,Finance Controller
INV-43515,Delta Ltd,957341.0,PENDING,Finance Controller
INV-43539,Kaveri Chemicals,954493.3,PENDING,Finance Controller
INV-43550,ABC Ltd,964134.0,PENDING,Finance Controller
INV-43554,XYZ Corp,922672.46,PENDING,Finance Controller
INV-43556,Jupiter Steel,948356.0,PENDING,Finance Controller
INV-43565,Kaveri Chemicals,999833.3,APPROVED,Finance Controller
INV-43578,Global Office Mart,986594.01,APPROVED,Finance Controller
INV-43587,Horizon Foods,991523.0,APPROVED,Finance Controller
INV-43595,Kaveri Chemicals,951344.0,,Finance Controller
INV-43627,Falcon Tech,900899.6,PENDING,Finance Controller
INV-43631,Nova Inc,942755.3,PENDING,Finance Controller
INV-43636,XYZ Corp,976595.72,PENDING,Finance Controller
INV-43640,Falcon Tech,993921.74,APPROVED,Finance Controller
INV-43645,Bright Logistics,955548.0,PENDING,Finance Controller
INV-43654,Lotus Packaging,900923.01,PENDING,Finance Controller
INV-43661,Delta Ltd,946648.75,PENDING,Finance Controller
INV-43679,Indigo Print Works,943327.0,PENDING,Finance Controller
INV-43686,Nova Inc,935051.3,PENDING,Finance Controller
INV-43691,Falcon Tech,919679.0,PENDING,Finance Controller
INV-43699,Delta Ltd,997456.0,APPROVED,Finance Controller
INV-43701,Kaveri Chemicals,996570.94,PENDING,Finance Controller
INV-43716,Bright Logistics,919022.0,PENDING,Finance Controller
INV-43722,Lotus Packaging,981368.0,APPROVED,Finance Controller
INV-43725,Bright Logistics,949947.54,PENDING,Finance Controller
INV-43727,Lotus Packaging,901415.0,PENDING,Finance Controller
INV-43738,Delta Ltd,906410.3,PENDING,Finance Controller
INV-43742,Falcon Tech,928288.3,PENDING,Finance Controller
INV-43763,XYZ Corp,944555.13,PENDING,Finance Controller
INV-43764,,928484.07,REVIEW,Finance Controller
INV-43776,Delta Ltd,982642.1,APPROVED,Finance Controller
INV-43798,Jupiter Steel,916415.5,PENDING,Finance Controller
INV-43861,Apex Supplies,959235.0,APPROVED,Finance Controller
INV-43877,Jupiter Steel,950995.4,PENDING,Finance Controller
INV-43884,XYZ Corp,925178.2,APPROVED,Finance Controller
INV-43886,XYZ Corp,980716.0,PENDING,Finance Controller
INV-43891,ABC Ltd,993048.0,PENDING,Finance Controller
INV-43894,Apex Supplies,910839.4,REVIEW,Finance Controller
INV-43908,ABC Ltd,917474.0,APPROVED,Finance Controller
INV-43909,XYZ Corp,964410.3,PENDING,Finance Controller
INV-43911,ABC Ltd,911584.0,,Finance Controller
INV-43923,Indigo Print Works,918419.1,PENDING,Finance Controller
INV-43930,ABC Ltd,984605.75,PENDING,Finance Controller
INV-43955,Jupiter Steel,968410.34,APPROVED,Finance Controller
INV-43956,Kaveri Chemicals,922055.0,APPROVED,Finance Controller
INV-43959,,972006.0,PENDING,Finance Controller
INV-44010,Horizon Foods,949563.0,APPROVED,Finance Controller
INV-44017,Delta Ltd,952667.13,,Finance Controller
INV-44018,XYZ Corp,987117.0,PENDING,Finance Controller
INV-44021,ABC Ltd,938151.64,PENDING,Finance Controller
INV-44028,Kaveri Chemicals,973219.71,PENDING,Finance Controller
INV-44038,Horizon Foods,904908.0,PENDING,Finance Controller
INV-44048,,934951.5,PENDING,Finance Controller
INV-44069,Global Office Mart,949077.0,PENDING,Finance Controller
INV-44073,Jupiter Steel,909305.0,PENDING,Finance Controller
INV-44075,Jupiter Steel,914214.0,PENDING,Finance Controller
INV-44080,Apex Supplies,977649.96,PENDING,Finance Controller
INV-44102,ABC Ltd,953992.0,APPROVED,Finance Controller
INV-44107,Delta Ltd,906199.77,PENDING,Finance Controller
INV-44110,Bright Logistics,986829.0,PENDING,Finance Controller
INV-44135,Global Office Mart,981843.0,PENDING,Finance Controller
INV-44141,Delta Ltd,994291.0,PENDING,Finance Controller
INV-44153,Nova Inc,917116.1,PENDING,Finance Controller
INV-44173,Indigo Print Works,957899.34,APPROVED,Finance Controller
INV-44195,Delta Ltd,990661.0,PENDING,Finance Controller
INV-44197,Falcon Tech,963408.0,APPROVED,Finance Controller
INV-44198,Bright Logistics,930225.6,PENDING,Finance Controller
INV-44205,Apex Supplies,968867.0,PENDING,Finance Controller
INV-44213,Indigo Print Works,918496.09,PENDING,Finance Controller
INV-44214,Lotus Packaging,927539.0,PENDING,Finance Controller
INV-44216,Lotus Packaging,980968.0,PENDING,Finance Controller
INV-44222,Kaveri Chemicals,956884.0,APPROVED,Finance Controller
INV-44224,Delta Ltd,912203.0,PENDING,Finance Controller
INV-44238,ABC Ltd,954218.7,REVIEW,Finance Controller
INV-44247,,908787.0,PENDING,Finance Controller
INV-44256,Global Office Mart,968224.0,PENDING,Finance Controller
INV-44263,Indigo Print Works,953742.8,PENDING,Finance Controller
INV-44271,Apex Supplies,908679.0,APPROVED,Finance Controller
INV-44275,Nova Inc,944042.6,APPROVED,Finance Controller
INV-44276,Bright Logistics,985994.0,APPROVED,Finance Controller
INV-44308,Jupiter Steel,993794.0,,Finance Controller
INV-44309,Bright Logistics,969862.59,APPROVED,Finance Controller
INV-44310,Nova Inc,999028.0,REVIEW,Finance Controller
INV-44329,Nova Inc,952764.9,PENDING,Finance Controller
INV-44334,,900179.0,APPROVED,Finance Controller
INV-44369,Bright Logistics,908293.0,PENDING,Finance Controller
INV-44399,XYZ Corp,999458.5,APPROVED,Finance Controller
INV-44401,Indigo Print Works,985289.06,PENDING,Finance Controller
INV-44405,Delta Ltd,936671.84,PENDING,Finance Controller
INV-44416,ABC Ltd,972916.8,PENDING,Finance Controller
INV-44417,Horizon Foods,977692.0,APPROVED,Finance Controller
INV-44427,Bright Logistics,968009.3,APPROVED,Finance Controller
INV-44441,Falcon Tech,997588.0,REVIEW,Finance Controller
INV-44519,Nova Inc,984769.0,PENDING,Finance Controller
INV-44520,Lotus Packaging,939143.0,PENDING,Finance Controller
INV-44542,XYZ Corp,921248.7,PENDING,Finance Controller
INV-44546,Delta Ltd,944175.64,PENDING,Finance Controller
INV-44551,Apex Supplies,914297.32,PENDING,Finance Controller
INV-44555,XYZ Corp,972611.1,PENDING,Finance Controller
INV-44561,Lotus Packaging,900405.9,APPROVED,Finance Controller
INV-44590,Kaveri Chemicals,971378.24,PENDING,Finance Controller
INV-44625,Delta Ltd,917135.71,REVIEW,Finance Controller
INV-44631,Nova Inc,931938.0,PENDING,Finance Controller
INV-44644,Jupiter Steel,976724.9,APPROVED,Finance Controller
INV-44645,ABC Ltd,928507.93,PENDING,Finance Controller
INV-44656,Global Office Mart,974162.0,PENDING,Finance Controller
INV-44658,Delta Ltd,993326.9,PENDING,Finance Controller
INV-44667,Apex Supplies,959320.0,PENDING,Finance Controller
INV-44688,Falcon Tech,949485.0,PENDING,Finance Controller
INV-44704,ABC Ltd,983510.25,PENDING,Finance Controller
INV-44728,Nova Inc,967903.0,PENDING,Finance Controller
INV-44737,Kaveri Chemicals,910615.64,APPROVED,Finance Controller
INV-44740,Kaveri Chemicals,929677.0,PENDING,Finance Controller
INV-44755,Delta Ltd,962890.0,PENDING,Finance Controller
INV-44768,Horizon Foods,921490.0,PENDING,Finance Controller
INV-44782,ABC Ltd,982338.36,APPROVED,Finance Controller
INV-44786,XYZ Corp,961208.6,PENDING,Finance Controller
INV-44789,Falcon Tech,921347.0,PENDING,Finance Controller
INV-44799,XYZ Corp,948335.54,APPROVED,Finance Controller
INV-44829,Apex Supplies,950299.41,PENDING,Finance Controller
INV-44833,Lotus Packaging,965018.19,APPROVED,Finance Controller
INV-44835,Indigo Print Works,985105.72,PENDING,Finance Controller
INV-44840,Bright Logistics,965205.82,REVIEW,Finance Controller
INV-44857,Global Office Mart,921461.6,PENDING,Finance Controller
INV-44859,ABC Ltd,962920.0,REVIEW,Finance Controller
INV-44863,Nova Inc,909230.0,PENDING,Finance Controller
INV-44876,Jupiter Steel,900380.24,PENDING,Finance Controller
INV-44880,Horizon Foods,954746.15,PENDING,Finance Controller
INV-44890,Bright Logistics,980947.39,PENDING,Finance Controller
INV-44908,Delta Ltd,970895.8,PENDING,Finance Controller
INV-44910,XYZ Corp,945994.18,APPROVED,Finance Controller
INV-44915,Falcon Tech,930984.0,PENDING,Finance Controller
INV-44917,Delta Ltd,955330.53,REVIEW,Finance Controller
INV-44927,Horizon Foods,929262.0,PENDING,Finance Controller
INV-44934,Indigo Print Works,951058.86,PENDING,Finance Controller
INV-44937,Kaveri Chemicals,978600.8,PENDING,Finance Controller
INV-44946,Nova Inc,960994.05,APPROVED,Finance Controller
INV-44954,Global Office Mart,958834.38,PENDING,Finance Controller
INV-44958,Apex Supplies,942384.75,APPROVED,Finance Controller
INV-44964,Falcon Tech,974678.5,PENDING,Finance Controller
INV-44967,Jupiter Steel,957951.0,PENDING,Finance Controller
INV-45003,Delta Ltd,903000.0,APPROVED,Finance Controller
INV-45005,Apex Supplies,948857.91,APPROVED,Finance Controller
INV-45009,Apex Supplies,915051.7,PENDING,Finance Controller
INV-45010,Bright Logistics,961030.0,PENDING,Finance Controller
INV-45050,Falcon Tech,976152.0,PENDING,Finance Controller
INV-45055,Bright Logistics,928221.83,PENDING,Finance Controller
INV-45064,Kaveri Chemicals,985503.0,APPROVED,Finance Controller
INV-45065,XYZ Corp,920859.02,PENDING,Finance Controller
INV-45070,Global Office Mart,901241.1,PENDING,Finance Controller
INV-45084,Falcon Tech,982121.0,PENDING,Finance Controller
INV-45086,Lotus Packaging,982643.0,REVIEW,Finance Controller
INV-45093,Kaveri Chemicals,994020.0,PENDING,Finance Controller
INV-45124,Indigo Print Works,950424.1,PENDING,Finance Controller
INV-45149,Nova Inc,956857.18,PENDING,Finance Controller
INV-45151,Jupiter Steel,903915.8,PENDING,Finance Controller
INV-45156,,997792.0,APPROVED,Finance Controller
INV-45164,Falcon Tech,965686.03,PENDING,Finance Controller
INV-45165,Jupiter Steel,993360.0,PENDING,Finance Controller
INV-45177,Kaveri Chemicals,907999.0,PENDING,Finance Controller
INV-45178,Lotus Packaging,912805.14,PENDING,Finance Controller
INV-45204,ABC Ltd,978103.0,PENDING,Finance Controller
INV-45216,Kaveri Chemicals,905203.0,PENDING,Finance Controller
INV-45217,ABC Ltd,952525.0,APPROVED,Finance Controller
INV-45223,Kaveri Chemicals,908442.0,PENDING,Finance Controller
INV-45247,Apex Supplies,914921.4,REVIEW,Finance Controller
INV-45269,ABC Ltd,993707.0,REVIEW,Finance Controller
INV-45270,Delta Ltd,955853.6,REVIEW,Finance Controller
INV-45274,ABC Ltd,942253.4,PENDING,Finance Controller
INV-45287,Bright Logistics,997624.62,PENDING,Finance Controller
INV-45295,Apex Supplies,957528.1,PENDING,Finance Controller
INV-45300,Kaveri Chemicals,964065.8,PENDING,Finance Controller
INV-45306,Nova Inc,953144.0,,Finance Controller
INV-45309,Kaveri Chemicals,992706.4,PENDING,Finance Controller
INV-45311,Indigo Print Works,960174.0,PENDING,Finance Controller
INV-45316,Jupiter Steel,947171.52,APPROVED,Finance Controller
INV-45332,Delta Ltd,927374.82,PENDING,Finance Controller
INV-45344,Indigo Print Works,924489.68,APPROVED,Finance Controller
INV-45353,Nova Inc,971552.3,PENDING,Finance Controller
INV-45354,Nova Inc,995655.0,APPROVED,Finance Controller
INV-45366,ABC Ltd,921277.0,PENDING,Finance Controller
INV-45381,Indigo Print Works,947958.91,PENDING,Finance Controller
INV-45384,,929531.0,APPROVED,Finance Controller
INV-45398,Nova Inc,946062.5,PENDING,Finance Controller
INV-45408,Lotus Packaging,931673.2,PENDING,Finance Controller
INV-45423,Delta Ltd,928022.4,APPROVED,Finance Controller
INV-45443,Delta Ltd,947858.3,PENDING,Finance Controller
INV-45461,Indigo Print Works,983003.58,PENDING,Finance Controller
INV-45494,Delta Ltd,961500.64,PENDING,Finance Controller
INV-45498,Kaveri Chemicals,990372.0,REVIEW,Finance Controller
INV-45525,Global Office Mart,989070.0,APPROVED,Finance Controller
INV-45534,Jupiter Steel,974566.0,PENDING,Finance Controller
INV-45540,Falcon Tech,950894.73,PENDING,Finance Controller
INV-45541,Bright Logistics,953261.0,APPROVED,Finance Controller
INV-45543,Apex Supplies,941563.8,PENDING,Finance Controller
INV-45549,Bright Logistics,946857.92,REVIEW,Finance Controller
INV-45599,Delta Ltd,927080.55,REVIEW,Finance Controller
INV-45600,ABC Ltd,938214.27,REVIEW,Finance Controller
INV-45602,Bright Logistics,943423.8,PENDING,Finance Controller
INV-45603,Apex Supplies,994167.7,PENDING,Finance Controller
INV-45611,Apex Supplies,980935.5,PENDING,Finance Controller
INV-45617,Jupiter Steel,960348.4,PENDING,Finance Controller
INV-45620,Bright Logistics,935881.7,PENDING,Finance Controller
INV-45621,Falcon Tech,920615.43,PENDING,Finance Controller
INV-45642,Indigo Print Works,937331.5,PENDING,Finance Controller
INV-45675,Delta Ltd,965366.51,APPROVED,Finance Controller
INV-45678,Nova Inc,900557.3,PENDING,Finance Controller
INV-45691,Nova Inc,964717.5,PENDING,Finance Controller
INV-45695,Nova Inc,906543.96,PENDING,Finance Controller
INV-45700,Nova Inc,942409.0,APPROVED,Finance Controller
INV-45724,XYZ Corp,998719.33,REVIEW,Finance Controller
INV-45735,Nova Inc,975944.8,APPROVED,Finance Controller
INV-45737,Lotus Packaging,904035.5,PENDING,Finance Controller
INV-45752,Delta Ltd,992691.0,APPROVED,Finance Controller
INV-45781,Kaveri Chemicals,975817.0,PENDING,Finance Controller
INV-45790,,937725.58,PENDING,Finance Controller
INV-45795,Apex Supplies,904051.98,APPROVED,Finance Controller
INV-45796,Indigo Print Works,914113.1,PENDING,Finance Controller
INV-45799,,912443.0,PENDING,Finance Controller
INV-45836,Nova Inc,936427.0,PENDING,Finance Controller
INV-45848,Delta Ltd,985256.49,PENDING,Finance Controller
INV-45850,Indigo Print Works,968928.9,APPROVED,Finance Controller
INV-45861,Bright Logistics,973503.4,PENDING,Finance Controller
INV-45880,Delta Ltd,927175.2,PENDING,Finance Controller
INV-45920,Apex Supplies,901413.5,PENDING,Finance Controller
INV-45930,Apex Supplies,924738.3,PENDING,Finance Controller
INV-45931,Horizon Foods,938309.4,PENDING,Finance Controller
INV-45937,Apex Supplies,965506.9,PENDING,Finance Controller
INV-45945,Falcon Tech,965780.0,PENDING,Finance Controller
INV-45956,ABC Ltd,931446.4,PENDING,Finance Controller
INV-45960,Bright Logistics,990072.0,PENDING,Finance Controller
INV-45991,Bright Logistics,923265.2,PENDING,Finance Controller
INV-46018,Nova Inc,984361.8,PENDING,Finance Controller
INV-46030,Horizon Foods,990063.0,PENDING,Finance Controller
INV-46033,Falcon Tech,997321.9,PENDING,Finance Controller
INV-46040,Apex Supplies,962199.4,PENDING,Finance Controller
INV-46043,Indigo Print Works,911719.0,APPROVED,Finance Controller
INV-46045,Horizon Foods,984985.0,PENDING,Finance Controller
INV-46052,,930867.0,APPROVED,Finance Controller
INV-46062,Indigo Print Works,928954.0,APPROVED,Finance Controller
INV-46069,ABC Ltd,951066.0,PENDING,Finance Controller
INV-46086,Global Office Mart,908464.71,REVIEW,Finance Controller
INV-46095,Global Office Mart,975915.5,PENDING,Finance Controller
INV-46102,Apex Supplies,928986.45,APPROVED,Finance Controller
INV-46128,Indigo Print Works,978284.0,PENDING,Finance Controller
INV-46171,ABC Ltd,947594.5,PENDING,Finance Controller
INV-46177,Jupiter Steel,928478.0,PENDING,Finance Controller
INV-46183,ABC Ltd,988856.0,APPROVED,Finance Controller
INV-46189,Horizon Foods,960594.9,PENDING,Finance Controller
INV-46194,XYZ Corp,963057.0,PENDING,Finance Controller
INV-46213,Indigo Print Works,948270.0,,Finance Controller
INV-46232,Horizon Foods,908118.7,PENDING,Finance Controller
INV-46236,Falcon Tech,906920.6,PENDING,Finance Controller
INV-46239,Jupiter Steel,902766.84,PENDING,Finance Controller
INV-46240,Bright Logistics,933617.56,PENDING,Finance Controller
INV-46253,Global Office Mart,965541.36,REVIEW,Finance Controller
INV-46262,Indigo Print Works,979057.0,PENDING,Finance Controller
INV-46267,Indigo Print Works,926402.3,PENDING,Finance Controller
INV-46269,Falcon Tech,980551.86,PENDING,Finance Controller
INV-46286,Lotus Packaging,928620.81,PENDING,Finance Controller
INV-46311,Indigo Print Works,995913.0,PENDING,Finance Controller
INV-46329,Horizon Foods,966827.8,PENDING,Finance Controller
INV-46332,Nova Inc,996000.32,REVIEW,Finance Controller
INV-46335,ABC Ltd,927546.97,PENDING,Finance Controller
INV-46338,Global Office Mart,945535.0,PENDING,Finance Controller
INV-46341,ABC Ltd,923570.2,PENDING,Finance Controller
INV-46354,Kaveri Chemicals,927717.54,PENDING,Finance Controller
INV-46359,Apex Supplies,954343.55,PENDING,Finance Controller
INV-46360,Nova Inc,975130.1,APPROVED,Finance Controller
INV-46371,Jupiter Steel,977170.91,PENDING,Finance Controller
INV-46373,Global Office Mart,943048.0,PENDING,Finance Controller
INV-46375,XYZ Corp,904785.0,APPROVED,Finance Controller
INV-46383,Indigo Print Works,990577.5,PENDING,Finance Controller
INV-46384,Apex Supplies,988693.97,APPROVED,Finance Controller
INV-46401,Delta Ltd,967394.8,PENDING,Finance Controller
INV-46414,Bright Logistics,917282.03,APPROVED,Finance Controller
INV-46424,Delta Ltd,948394.9,PENDING,Finance Controller
INV-46428,Delta Ltd,996385.0,PENDING,Finance Controller
INV-46431,Global Office Mart,976411.5,PENDING,Finance Controller
INV-46437,ABC Ltd,980415.1,PENDING,Finance Controller
INV-46452,Kaveri Chemicals,915482.56,PENDING,Finance Controller
INV-46454,Nova Inc,963924.0,REVIEW,Finance Controller
INV-46462,Lotus Packaging,905003.0,PENDING,Finance Controller
INV-46481,Horizon Foods,942607.6,PENDING,Finance Controller
INV-46493,Jupiter Steel,936116.0,APPROVED,Finance Controller
INV-46494,Delta Ltd,970957.78,PENDING,Finance Controller
INV-46516,Horizon Foods,911445.2,PENDING,Finance Controller
INV-46524,Delta Ltd,923524.0,PENDING,Finance Controller
INV-46538,Lotus Packaging,981873.9,PENDING,Finance Controller
INV-46540,Bright Logistics,943178.0,PENDING,Finance Controller
INV-46550,Falcon Tech,978514.0,PENDING,Finance Controller
INV-46553,Lotus Packaging,950574.0,APPROVED,Finance Controller
INV-46561,Falcon Tech,969526.0,PENDING,Finance Controller
INV-46587,Horizon Foods,968124.7,PENDING,Finance Controller
INV-46590,Nova Inc,981493.0,REVIEW,Finance Controller
INV-46602,Falcon Tech,902069.0,APPROVED,Finance Controller
INV-46607,Bright Logistics,978743.0,PENDING,Finance Controller
INV-46608,Falcon Tech,959467.6,PENDING,Finance Controller
INV-46619,Kaveri Chemicals,954294.01,PENDING,Finance Controller
INV-46622,Apex Supplies,928297.43,PENDING,Finance Controller
INV-46627,Lotus Packaging,968832.62,PENDING,Finance Controller
INV-46636,Indigo Print Works,933412.5,APPROVED,Finance Controller
INV-46637,Bright Logistics,932929.0,PENDING,Finance Controller
INV-46649,Kaveri Chemicals,958638.3,PENDING,Finance Controller
INV-46651,Horizon Foods,932289.61,APPROVED,Finance Controller
INV-46654,Global Office Mart,925086.71,APPROVED,Finance Controller
INV-46668,Falcon Tech,985816.12,APPROVED,Finance Controller
INV-46669,Indigo Print Works,950931.0,PENDING,Finance Controller
INV-46671,Bright Logistics,962887.1,PENDING,Finance Controller
INV-46686,Delta Ltd,931373.4,APPROVED,Finance Controller
INV-46696,Delta Ltd,924813.0,PENDING,Finance Controller
INV-46699,Apex Supplies,953306.0,APPROVED,Finance Controller
INV-46700,Lotus Packaging,903841.77,APPROVED,Finance Controller
INV-46707,XYZ Corp,955122.73,PENDING,Finance Controller
INV-46745,Delta Ltd,902335.0,PENDING,Finance Controller
INV-46750,Falcon Tech,976511.7,PENDING,Finance Controller
INV-46757,Lotus Packaging,967077.0,PENDING,Finance Controller
INV-46781,Horizon Foods,987342.26,PENDING,Finance Controller
INV-46799,Lotus Packaging,905652.0,,Finance Controller
INV-46814,Global Office Mart,944241.0,PENDING,Finance Controller
INV-46835,Jupiter Steel,975675.0,APPROVED,Finance Controller
INV-46840,Nova Inc,911529.82,APPROVED,Finance Controller
INV-46848,Bright Logistics,958028.48,PENDING,Finance Controller
INV-46852,ABC Ltd,938522.41,PENDING,Finance Controller
INV-46875,Nova Inc,900976.0,PENDING,Finance Controller
INV-46892,Horizon Foods,958443.36,APPROVED,Finance Controller
INV-46908,Delta Ltd,932016.06,PENDING,Finance Controller
INV-46911,ABC Ltd,980951.0,PENDING,Finance Controller
INV-46912,XYZ Corp,906374.0,PENDING,Finance Controller
INV-46943,,952117.7,PENDING,Finance Controller
INV-46950,Lotus Packaging,902891.71,APPROVED,Finance Controller
INV-46956,Kaveri Chemicals,975575.0,PENDING,Finance Controller
INV-46959,Nova Inc,993181.0,APPROVED,Finance Controller
INV-46963,Horizon Foods,927894.0,PENDING,Finance Controller
INV-46966,Delta Ltd,954379.0,PENDING,Finance Controller
INV-46992,Delta Ltd,958174.0,PENDING,Finance Controller
INV-46998,Apex Supplies,999365.9,PENDING,Finance Controller
INV-46999,Delta Ltd,954872.2,PENDING,Finance Controller
INV-47002,XYZ Corp,912275.45,PENDING,Finance Controller
INV-47012,Delta Ltd,961266.0,PENDING,Finance Controller
INV-47029,Lotus Packaging,938816.25,PENDING,Finance Controller
INV-47036,Global Office Mart,975064.88,PENDING,Finance Controller
INV-47043,Bright Logistics,907915.67,PENDING,Finance Controller
INV-47044,Falcon Tech,928862.3,PENDING,Finance Controller
INV-47047,Horizon Foods,955027.9,PENDING,Finance Controller
INV-47058,Horizon Foods,912385.1,PENDING,Finance Controller
INV-47075,ABC Ltd,934309.0,PENDING,Finance Controller
INV-47079,Bright Logistics,949650.48,PENDING,Finance Controller
INV-47089,Kaveri Chemicals,965286.47,APPROVED,Finance Controller
INV-47105,Delta Ltd,979405.0,APPROVED,Finance Controller
INV-47109,Falcon Tech,949617.14,PENDING,Finance Controller
INV-47120,Nova Inc,921020.95,,Finance Controller
INV-47123,Indigo Print Works,994176.0,PENDING,Finance Controller
INV-47130,Nova Inc,982092.18,PENDING,Finance Controller
INV-47147,Delta Ltd,935851.5,PENDING,Finance Controller
INV-47149,Indigo Print Works,967424.97,PENDING,Finance Controller
INV-47211,XYZ Corp,966249.8,PENDING,Finance Controller
INV-47217,Kaveri Chemicals,974061.0,PENDING,Finance Controller
INV-47218,XYZ Corp,949675.6,PENDING,Finance Controller
INV-47222,Kaveri Chemicals,947960.78,PENDING,Finance Controller
INV-47254,Nova Inc,950543.0,PENDING,Finance Controller
INV-47257,Indigo Print Works,978489.0,PENDING,Finance Controller
INV-47263,ABC Ltd,984446.09,PENDING,Finance Controller
INV-47265,Kaveri Chemicals,957471.0,PENDING,Finance Controller
INV-47274,Bright Logistics,922904.7,PENDING,Finance Controller
INV-47285,Lotus Packaging,943930.5,PENDING,Finance Controller
INV-47301,Indigo Print Works,922841.0,APPROVED,Finance Controller
INV-47306,Horizon Foods,972010.1,REVIEW,Finance Controller
INV-47312,Nova Inc,948372.92,PENDING,Finance Controller
INV-47322,Indigo Print Works,966239.0,,Finance Controller
INV-47335,Falcon Tech,928126.8,PENDING,Finance Controller
INV-47343,,968564.0,APPROVED,Finance Controller
INV-47357,Delta Ltd,980213.8,PENDING,Finance Controller
INV-47370,Indigo Print Works,962586.0,APPROVED,Finance Controller
INV-47373,Kaveri Chemicals,980798.82,PENDING,Finance Controller
INV-47385,Global Office Mart,957460.4,PENDING,Finance Controller
INV-47390,Indigo Print Works,966092.36,PENDING,Finance Controller
INV-47406,Apex Supplies,926628.3,PENDING,Finance Controller
INV-47418,Bright Logistics,910082.0,APPROVED,Finance Controller
INV-47441,Horizon Foods,982089.5,PENDING,Finance Controller
INV-47508,Lotus Packaging,998144.0,PENDING,Finance Controller
INV-47516,Nova Inc,980948.9,PENDING,Finance Controller
INV-47540,Jupiter Steel,926940.59,PENDING,Finance Controller
INV-47565,Lotus Packaging,970823.0,APPROVED,Finance Controller
INV-47578,Apex Supplies,955554.0,PENDING,Finance Controller
INV-47583,Lotus Packaging,921426.4,REVIEW,Finance Controller
INV-47585,Kaveri Chemicals,980195.0,PENDING,Finance Controller
INV-47597,Kaveri Chemicals,992599.8,PENDING,Finance Controller
INV-47600,Lotus Packaging,977526.63,PENDING,Finance Controller
INV-47603,Lotus Packaging,970444.0,APPROVED,Finance Controller
INV-47613,Lotus Packaging,985375.0,PENDING,Finance Controller
INV-47616,Global Office Mart,975188.0,PENDING,Finance Controller
INV-47626,Lotus Packaging,973227.2,PENDING,Finance Controller
INV-47638,Jupiter Steel,976753.0,PENDING,Finance Controller
INV-47640,Delta Ltd,990860.0,APPROVED,Finance Controller
INV-47641,Falcon Tech,959216.0,PENDING,Finance Controller
INV-47643,Delta Ltd,954464.4,PENDING,Finance Controller
INV-47652,Nova Inc,901864.04,PENDING,Finance Controller
INV-47658,Delta Ltd,959458.11,APPROVED,Finance Controller
INV-47697,Lotus Packaging,933535.0,PENDING,Finance Controller
INV-47698,Indigo Print Works,972242.31,PENDING,Finance Controller
INV-47699,Apex Supplies,923081.2,APPROVED,Finance Controller
INV-47701,Nova Inc,939279.0,PENDING,Finance Controller
INV-47714,Indigo Print Works,968031.56,PENDING,Finance Controller
INV-47717,XYZ Corp,911438.6,PENDING,Finance Controller
INV-47727,Jupiter Steel,975551.0,PENDING,Finance Controller
INV-47762,Kaveri Chemicals,955708.0,PENDING,Finance Controller
INV-47765,Bright Logistics,951837.0,PENDING,Finance Controller
INV-47766,Bright Logistics,959946.0,PENDING,Finance Controller
INV-47777,,972118.0,REVIEW,Finance Controller
INV-47778,Indigo Print Works,969496.0,PENDING,Finance Controller
INV-47789,Delta Ltd,962275.88,PENDING,Finance Controller
INV-47795,Apex Supplies,987427.37,PENDING,Finance Controller
INV-47796,Bright Logistics,953559.77,PENDING,Finance Controller
INV-47802,Kaveri Chemicals,915290.5,PENDING,Finance Controller
INV-47818,Horizon Foods,928364.8,PENDING,Finance Controller
INV-47824,Lotus Packaging,942454.0,REVIEW,Finance Controller
INV-47825,Indigo Print Works,989926.74,PENDING,Finance Controller
INV-47829,Horizon Foods,947760.0,APPROVED,Finance Controller
INV-47830,Kaveri Chemicals,974308.0,PENDING,Finance Controller
INV-47846,ABC Ltd,922345.1,PENDING,Finance Controller
INV-47850,Bright Logistics,994487.0,APPROVED,Finance Controller
INV-47867,Lotus Packaging,965678.0,PENDING,Finance Controller
INV-47872,Nova Inc,990762.7,REVIEW,Finance Controller
INV-47882,Horizon Foods,937174.0,PENDING,Finance Controller
INV-47885,Jupiter Steel,938266.0,PENDING,Finance Controller
INV-47915,Global Office Mart,949113.91,APPROVED,Finance Controller
INV-47936,,943445.8,REVIEW,Finance Controller
INV-47937,Lotus Packaging,967024.91,PENDING,Finance Controller
INV-47941,Jupiter Steel,936533.15,PENDING,Finance Controller
INV-47960,ABC Ltd,924953.9,APPROVED,Finance Controller
INV-47969,Apex Supplies,945103.3,PENDING,Finance Controller
INV-47985,ABC Ltd,970698.2,REVIEW,Finance Controller
INV-47994,Bright Logistics,997169.0,PENDING,Finance Controller
INV-48005,Bright Logistics,957162.0,PENDING,Finance Controller
INV-48011,Falcon Tech,980327.6,PENDING,Finance Controller
INV-48013,,945703.36,PENDING,Finance Controller
INV-48020,Indigo Print Works,990210.4,PENDING,Finance Controller
INV-48026,Horizon Foods,929773.0,PENDING,Finance Controller
INV-48038,XYZ Corp,969792.7,PENDING,Finance Controller
INV-48042,Nova Inc,966532.35,REVIEW,Finance Controller
INV-48057,ABC Ltd,983244.2,PENDING,Finance Controller
INV-48083,Apex Supplies,971793.99,PENDING,Finance Controller
INV-48092,ABC Ltd,935261.0,PENDING,Finance Controller
INV-48098,Nova Inc,981625.63,PENDING,Finance Controller
INV-48100,ABC Ltd,978605.5,PENDING,Finance Controller
INV-48107,Horizon Foods,951939.0,PENDING,Finance Controller
INV-48110,XYZ Corp,959783.1,PENDING,Finance Controller
INV-48111,Falcon Tech,947266.68,PENDING,Finance Controller
INV-48118,Global Office Mart,956025.4,PENDING,Finance Controller
INV-48124,Indigo Print Works,909675.0,PENDING,Finance Controller
INV-48130,Apex Supplies,927493.0,REVIEW,Finance Controller
INV-48138,Kaveri Chemicals,969869.05,PENDING,Finance Controller
INV-48146,Kaveri Chemicals,976273.6,APPROVED,Finance Controller
INV-48154,Jupiter Steel,980168.0,PENDING,Finance Controller
INV-48162,Nova Inc,945889.1,PENDING,Finance Controller
INV-48184,ABC Ltd,918914.0,PENDING,Finance Controller
INV-48225,Apex Supplies,958506.0,APPROVED,Finance Controller
INV-48235,Nova Inc,992213.2,PENDING,Finance Controller
INV-48278,ABC Ltd,998115.0,PENDING,Finance Controller
INV-48309,Falcon Tech,979042.3,PENDING,Finance Controller
INV-48329,Nova Inc,939421.2,REVIEW,Finance Controller
INV-48335,ABC Ltd,930266.2,PENDING,Finance Controller
INV-48337,Global Office Mart,972559.2,APPROVED,Finance Controller
INV-48348,Apex Supplies,974615.0,PENDING,Finance Controller
INV-48350,Lotus Packaging,942216.7,PENDING,Finance Controller
INV-48351,Horizon Foods,936539.48,PENDING,Finance Controller
INV-48358,Jupiter Steel,943189.0,PENDING,Finance Controller
INV-48361,Bright Logistics,940368.39,APPROVED,Finance Controller
INV-48362,Jupiter Steel,919241.0,PENDING,Finance Controller
INV-48372,Bright Logistics,983832.0,PENDING,Finance Controller
INV-48397,ABC Ltd,941848.0,PENDING,Finance Controller
INV-48404,,948189.0,PENDING,Finance Controller
INV-48428,Kaveri Chemicals,917986.51,APPROVED,Finance Controller
INV-48430,Lotus Packaging,977823.0,REVIEW,Finance Controller
INV-48435,Bright Logistics,900488.0,PENDING,Finance Controller
INV-48467,XYZ Corp,954132.1,PENDING,Finance Controller
INV-48471,ABC Ltd,923282.91,PENDING,Finance Controller
INV-48477,Kaveri Chemicals,976524.0,PENDING,Finance Controller
INV-48480,Jupiter Steel,961008.0,PENDING,Finance Controller
INV-48483,Falcon Tech,979415.3,APPROVED,Finance Controller
INV-48498,Delta Ltd,993872.0,PENDING,Finance Controller
INV-48502,Apex Supplies,939960.45,PENDING,Finance Controller
INV-48512,Horizon Foods,915430.0,APPROVED,Finance Controller
INV-48520,Kaveri Chemicals,990930.0,APPROVED,Finance Controller
INV-48530,Jupiter Steel,953549.6,PENDING,Finance Controller
INV-48549,Kaveri Chemicals,934850.0,PENDING,Finance Controller
INV-48553,XYZ Corp,981174.17,PENDING,Finance Controller
INV-48558,Kaveri Chemicals,906788.1,PENDING,Finance Controller
INV-48561,Indigo Print Works,942287.0,PENDING,Finance Controller
INV-48590,Nova Inc,926346.0,PENDING,Finance Controller
INV-48591,Nova Inc,996689.0,PENDING,Finance Controller
INV-48592,Indigo Print Works,994198.0,REVIEW,Finance Controller
INV-48594,Apex Supplies,960731.0,PENDING,Finance Controller
INV-48602,Bright Logistics,964821.22,PENDING,Finance Controller
INV-48620,Global Office Mart,970072.0,PENDING,Finance Controller
INV-48621,Jupiter Steel,947989.0,PENDING,Finance Controller
INV-48631,Kaveri Chemicals,970106.6,PENDING,Finance Controller
INV-48633,Indigo Print Works,911663.6,REVIEW,Finance Controller
INV-48636,ABC Ltd,950692.0,PENDING,Finance Controller
INV-48646,Kaveri Chemicals,922886.7,PENDING,Finance Controller
INV-48652,Global Office Mart,994985.0,APPROVED,Finance Controller
INV-48655,Falcon Tech,924588.0,APPROVED,Finance Controller
INV-48683,Nova Inc,903011.1,PENDING,Finance Controller
INV-48686,XYZ Corp,995802.4,APPROVED,Finance Controller
INV-48691,XYZ Corp,997761.58,PENDING,Finance Controller
INV-48694,Nova Inc,973646.09,PENDING,Finance Controller
INV-48702,XYZ Corp,925326.0,PENDING,Finance Controller
INV-48726,Delta Ltd,988161.0,PENDING,Finance Controller
INV-48760,Kaveri Chemicals,978011.0,APPROVED,Finance Controller
INV-48761,Jupiter Steel,927092.0,PENDING,Finance Controller
INV-48770,Horizon Foods,969125.5,PENDING,Finance Controller
INV-48785,Falcon Tech,997085.08,PENDING,Finance Controller
INV-48788,Lotus Packaging,973344.16,PENDING,Finance Controller
INV-48805,Jupiter Steel,986038.2,PENDING,Finance Controller
INV-48811,Apex Supplies,957052.2,APPROVED,Finance Controller
INV-48828,Jupiter Steel,990940.4,PENDING,Finance Controller
INV-48838,Delta Ltd,957048.6,PENDING,Finance Controller
INV-48849,Global Office Mart,929250.37,PENDING,Finance Controller
INV-48860,Lotus Packaging,948543.1,PENDING,Finance Controller
INV-48875,Apex Supplies,981269.0,PENDING,Finance Controller
INV-48883,Delta Ltd,941464.3,PENDING,Finance Controller
INV-48885,Indigo Print Works,989893.47,PENDING,Finance Controller
INV-48887,Falcon Tech,936600.0,APPROVED,Finance Controller
INV-48891,Bright Logistics,994229.4,PENDING,Finance Controller
INV-48895,Horizon Foods,981762.61,PENDING,Finance Controller
INV-48905,Apex Supplies,992690.21,PENDING,Finance Controller
INV-48907,Apex Supplies,984732.5,PENDING,Finance Controller
INV-48923,Jupiter Steel,973394.0,PENDING,Finance Controller
INV-48925,Apex Supplies,903838.72,REVIEW,Finance Controller
INV-48933,Lotus Packaging,925798.0,PENDING,Finance Controller
INV-48946,Delta Ltd,905941.13,APPROVED,Finance Controller
INV-48958,,929894.0,PENDING,Finance Controller
INV-48970,ABC Ltd,920875.9,APPROVED,Finance Controller
INV-48986,Indigo Print Works,979013.0,PENDING,Finance Controller
INV-49002,Jupiter Steel,925927.4,APPROVED,Finance Controller
INV-49003,Global Office Mart,933345.0,PENDING,Finance Controller
INV-49039,Indigo Print Works,992567.07,PENDING,Finance Controller
INV-49064,Bright Logistics,954528.84,,Finance Controller
INV-49071,Bright Logistics,919083.12,PENDING,Finance Controller
INV-49073,Indigo Print Works,917398.0,,Finance Controller
INV-49083,ABC Ltd,952217.0,PENDING,Finance Controller
INV-49090,Apex Supplies,992528.15,PENDING,Finance Controller
INV-49092,Apex Supplies,906177.48,PENDING,Finance Controller
INV-49094,Apex Supplies,936117.82,PENDING,Finance Controller
INV-49096,Nova Inc,900839.0,PENDING,Finance Controller
INV-49098,Global Office Mart,944411.32,PENDING,Finance Controller
INV-49114,Jupiter Steel,950069.0,PENDING,Finance Controller
INV-49116,Kaveri Chemicals,940399.0,PENDING,Finance Controller
INV-49142,Global Office Mart,952868.0,APPROVED,Finance Controller
INV-49157,Apex Supplies,913293.28,APPROVED,Finance Controller
INV-49160,Horizon Foods,956659.48,PENDING,Finance Controller
INV-49172,Horizon Foods,917351.54,PENDING,Finance Controller
INV-49207,Apex Supplies,908245.0,REVIEW,Finance Controller
INV-49216,XYZ Corp,945585.0,PENDING,Finance Controller
INV-49217,Horizon Foods,944610.9,PENDING,Finance Controller
INV-49242,Lotus Packaging,999715.24,APPROVED,Finance Controller
INV-49262,Horizon Foods,917550.9,,Finance Controller
INV-49263,Kaveri Chemicals,942731.4,PENDING,Finance Controller
INV-49265,ABC Ltd,936971.72,PENDING,Finance Controller
INV-49306,Jupiter Steel,997169.2,PENDING,Finance Controller
INV-49337,Horizon Foods,931161.0,PENDING,Finance Controller
INV-49366,Indigo Print Works,989366.8,APPROVED,Finance Controller
INV-49375,ABC Ltd,951532.58,PENDING,Finance Controller
INV-49393,,911483.0,APPROVED,Finance Controller
INV-49400,XYZ Corp,973542.6,APPROVED,Finance Controller
INV-49401,ABC Ltd,907628.22,PENDING,Finance Controller
INV-49403,Apex Supplies,971966.0,PENDING,Finance Controller
INV-49412,Horizon Foods,902245.6,PENDING,Finance Controller
INV-49422,Jupiter Steel,987061.0,PENDING,Finance Controller
INV-49423,ABC Ltd,975864.3,PENDING,Finance Controller
INV-49425,Lotus Packaging,907398.4,PENDING,Finance Controller
INV-49445,Delta Ltd,996695.0,APPROVED,Finance Controller
INV-49469,Global Office Mart,923839.75,PENDING,Finance Controller
INV-49478,ABC Ltd,990134.0,PENDING,Finance Controller
INV-49480,Nova Inc,913961.0,PENDING,Finance Controller
INV-49489,Nova Inc,906304.1,PENDING,Finance Controller
INV-49498,Indigo Print Works,915636.04,REVIEW,Finance Controller
INV-49505,,982895.0,APPROVED,Finance Controller
INV-49508,,948106.2,APPROVED,Finance Controller
INV-49526,Nova Inc,907533.9,PENDING,Finance Controller
INV-49539,Delta Ltd,981369.0,PENDING,Finance Controller
INV-49546,Falcon Tech,903034.83,APPROVED,Finance Controller
INV-49572,Apex Supplies,926943.7,PENDING,Finance Controller
INV-49575,Bright Logistics,924155.6,PENDING,Finance Controller
INV-49581,Bright Logistics,946084.0,PENDING,Finance Controller
INV-49588,Indigo Print Works,962010.0,PENDING,Finance Controller
INV-49589,Jupiter Steel,912092.9,PENDING,Finance Controller
INV-49593,Lotus Packaging,932567.0,PENDING,Finance Controller
INV-49594,Jupiter Steel,947397.2,PENDING,Finance Controller
INV-49596,Global Office Mart,976281.46,PENDING,Finance Controller
INV-49617,Apex Supplies,933520.49,PENDING,Finance Controller
INV-49621,Lotus Packaging,966150.66,APPROVED,Finance Controller
INV-49622,Nova Inc,906784.9,PENDING,Finance Controller
INV-49623,Global Office Mart,998279.0,PENDING,Finance Controller
INV-49626,Kaveri Chemicals,901543.17,PENDING,Finance Controller
INV-49629,Falcon Tech,966335.2,PENDING,Finance Controller
INV-49642,Delta Ltd,988510.16,APPROVED,Finance Controller
INV-49663,Jupiter Steel,956772.0,APPROVED,Finance Controller
INV-49676,Jupiter Steel,907129.08,APPROVED,Finance Controller
INV-49678,Horizon Foods,912431.2,PENDING,Finance Controller
INV-49684,Lotus Packaging,901240.1,PENDING,Finance Controller
INV-49687,Apex Supplies,996605.52,,Finance Controller
INV-49693,Horizon Foods,958237.9,PENDING,Finance Controller
INV-49695,Delta Ltd,990201.0,APPROVED,Finance Controller
INV-49702,Bright Logistics,957645.0,PENDING,Finance Controller
INV-49703,Falcon Tech,955463.0,APPROVED,Finance Controller
INV-49712,Nova Inc,921045.0,PENDING,Finance Controller
INV-49713,Jupiter Steel,958293.0,PENDING,Finance Controller
INV-49728,,917168.2,PENDING,Finance Controller
INV-49730,ABC Ltd,981227.0,PENDING,Finance Controller
INV-49747,Jupiter Steel,953923.0,PENDING,Finance Controller
INV-49751,Global Office Mart,939577.5,PENDING,Finance Controller
INV-49759,Lotus Packaging,952927.0,PENDING,Finance Controller
INV-49764,Horizon Foods,947088.31,PENDING,Finance Controller
INV-49768,Indigo Print Works,924884.0,PENDING,Finance Controller
INV-49770,Apex Supplies,911707.8,PENDING,Finance Controller
INV-49771,Global Office Mart,940242.0,PENDING,Finance Controller
INV-49772,Bright Logistics,979480.0,REVIEW,Finance Controller
INV-49774,XYZ Corp,923976.0,PENDING,Finance Controller
INV-49784,Global Office Mart,943037.0,PENDING,Finance Controller
INV-49785,ABC Ltd,941041.8,PENDING,Finance Controller
INV-49819,Lotus Packaging,945650.5,PENDING,Finance Controller
INV-49827,ABC Ltd,998158.64,PENDING,Finance Controller
INV-49847,Kaveri Chemicals,982757.89,APPROVED,Finance Controller
INV-49868,Indigo Print Works,951658.51,PENDING,Finance Controller
INV-49883,Bright Logistics,956343.0,PENDING,Finance Controller
INV-49888,Indigo Print Works,975284.29,PENDING,Finance Controller
INV-49889,XYZ Corp,915933.0,,Finance Controller
INV-49890,Global Office Mart,937767.62,PENDING,Finance Controller
INV-49917,Falcon Tech,969595.4,PENDING,Finance Controller
INV-49920,Bright Logistics,999834.4,PENDING,Finance Controller
INV-49921,Apex Supplies,954527.64,PENDING,Finance Controller
INV-49958,Indigo Print Works,947680.0,REVIEW,Finance Controller
INV-49963,ABC Ltd,978565.5,PENDING,Finance Controller
INV-49975,Falcon Tech,971956.8,PENDING,Finance Controller
INV-49978,Nova Inc,999963.2,PENDING,Finance Controller
INV-49983,XYZ Corp,956325.15,REVIEW,Finance Controller
INV-49988,Indigo Print Works,916436.0,PENDING,Finance Controller
INV-49996,ABC Ltd,958030.57,PENDING,Finance Controller
INV-50000,,987925.0,PENDING,Finance Controller
INV-50012,Delta Ltd,956751.97,APPROVED,Finance Controller
INV-50016,Apex Supplies,997884.2,PENDING,Finance Controller
INV-50029,Nova Inc,956828.0,PENDING,Finance Controller
INV-50046,Bright Logistics,918875.0,PENDING,Finance Controller
INV-50051,Global Office Mart,970729.61,PENDING,Finance Controller
INV-50073,Lotus Packaging,923197.83,APPROVED,Finance Controller
INV-50074,Horizon Foods,919339.69,PENDING,Finance Controller
INV-50083,ABC Ltd,948007.0,PENDING,Finance Controller
INV-50087,Global Office Mart,981039.0,PENDING,Finance Controller
INV-50095,Kaveri Chemicals,972956.52,REVIEW,Finance Controller
INV-50097,ABC Ltd,943541.58,REVIEW,Finance Controller
INV-50101,Delta Ltd,926866.0,PENDING,Finance Controller
INV-50107,XYZ Corp,974695.0,PENDING,Finance Controller
INV-50134,Global Office Mart,929835.0,PENDING,Finance Controller
INV-50139,XYZ Corp,908445.21,PENDING,Finance Controller
INV-50155,Apex Supplies,927584.0,REVIEW,Finance Controller
INV-50171,Indigo Print Works,906561.6,APPROVED,Finance Controller
INV-50178,Delta Ltd,909238.0,PENDING,Finance Controller
INV-50210,Global Office Mart,982867.0,PENDING,Finance Controller
INV-50214,XYZ Corp,934722.0,PENDING,Finance Controller
INV-50222,Indigo Print Works,988583.88,PENDING,Finance Controller
INV-50233,Jupiter Steel,935320.92,PENDING,Finance Controller
INV-50249,Global Office Mart,982499.2,APPROVED,Finance Controller
INV-50255,Bright Logistics,954786.86,PENDING,Finance Controller
INV-50264,Jupiter Steel,925805.6,REVIEW,Finance Controller
INV-50272,Indigo Print Works,946357.5,PENDING,Finance Controller
INV-50277,Kaveri Chemicals,906752.0,PENDING,Finance Controller
INV-50279,Horizon Foods,991943.25,PENDING,Finance Controller
INV-50289,Horizon Foods,923454.13,PENDING,Finance Controller
INV-50295,Lotus Packaging,926898.0,REVIEW,Finance Controller
INV-50304,Delta Ltd,977168.0,PENDING,Finance Controller
INV-50308,Delta Ltd,923842.22,APPROVED,Finance Controller
INV-50313,,965032.0,PENDING,Finance Controller
INV-50319,XYZ Corp,967496.7,APPROVED,Finance Controller
INV-50326,Apex Supplies,947678.3,REVIEW,Finance Controller
INV-50329,Falcon Tech,906810.0,PENDING,Finance Controller
INV-50335,Falcon Tech,909934.82,PENDING,Finance Controller
INV-50336,Global Office Mart,900551.0,PENDING,Finance Controller
INV-50354,Falcon Tech,912569.81,PENDING,Finance Controller
INV-50361,Bright Logistics,984911.0,PENDING,Finance Controller
INV-50365,XYZ Corp,913969.63,PENDING,Finance Controller
INV-50367,Global Office Mart,930811.0,APPROVED,Finance Controller
INV-50383,Horizon Foods,940030.19,PENDING,Finance Controller
INV-50384,Bright Logistics,960232.0,REVIEW,Finance Controller
INV-50386,XYZ Corp,966298.0,PENDING,Finance Controller
INV-50389,Falcon Tech,918823.0,PENDING,Finance Controller
INV-50393,Horizon Foods,966610.4,PENDING,Finance Controller
INV-50395,XYZ Corp,951848.9,PENDING,Finance Controller
INV-50396,Lotus Packaging,986739.1,PENDING,Finance Controller
INV-50397,Apex Supplies,928357.0,REVIEW,Finance Controller
INV-50416,Lotus Packaging,952049.7,APPROVED,Finance Controller
INV-50431,Delta Ltd,913168.9,APPROVED,Finance Controller
INV-50443,ABC Ltd,970979.99,PENDING,Finance Controller
INV-50471,Bright Logistics,948865.01,PENDING,Finance Controller
INV-50473,Falcon Tech,938155.0,PENDING,Finance Controller
INV-50533,Horizon Foods,977162.04,PENDING,Finance Controller
INV-50537,Indigo Print Works,997796.4,PENDING,Finance Controller
INV-50548,ABC Ltd,958176.3,REVIEW,Finance Controller
INV-50563,Apex Supplies,925491.2,PENDING,Finance Controller
INV-50567,Nova Inc,932721.84,PENDING,Finance Controller
INV-50577,XYZ Corp,983336.9,APPROVED,Finance Controller
INV-50581,Falcon Tech,909502.17,APPROVED,Finance Controller
INV-50597,Delta Ltd,962680.0,APPROVED,Finance Controller
INV-50606,Global Office Mart,995452.1,PENDING,Finance Controller
INV-50617,Indigo Print Works,954510.3,APPROVED,Finance Controller
INV-50618,Delta Ltd,965759.9,PENDING,Finance Controller
INV-50621,Bright Logistics,980174.7,PENDING,Finance Controller
INV-50670,ABC Ltd,959051.0,REVIEW,Finance Controller
INV-50677,XYZ Corp,990582.4,PENDING,Finance Controller
INV-50681,XYZ Corp,982759.0,PENDING,Finance Controller
INV-50701,ABC Ltd,912661.0,PENDING,Finance Controller
INV-50714,ABC Ltd,994797.2,PENDING,Finance Controller
INV-50716,,940571.0,PENDING,Finance Controller
INV-50723,Kaveri Chemicals,992956.6,REVIEW,Finance Controller
INV-50729,Falcon Tech,987815.1,PENDING,Finance Controller
INV-50737,Horizon Foods,952589.0,APPROVED,Finance Controller
INV-50742,Apex Supplies,960165.0,REVIEW,Finance Controller
INV-50747,Indigo Print Works,966683.1,PENDING,Finance Controller
INV-50758,Lotus Packaging,917779.0,PENDING,Finance Controller
INV-50759,Lotus Packaging,992612.0,REVIEW,Finance Controller
INV-50771,Lotus Packaging,942165.4,APPROVED,Finance Controller
INV-50794,Kaveri Chemicals,920163.7,PENDING,Finance Controller
INV-50796,Apex Supplies,903885.42,PENDING,Finance Controller
INV-50802,Global Office Mart,993555.0,APPROVED,Finance Controller
INV-50805,Jupiter Steel,961822.38,PENDING,Finance Controller
INV-50809,Jupiter Steel,954778.8,PENDING,Finance Controller
INV-50819,Horizon Foods,977766.4,APPROVED,Finance Controller
INV-50826,ABC Ltd,911451.7,PENDING,Finance Controller
INV-50830,Global Office Mart,919604.4,APPROVED,Finance Controller
INV-50834,Delta Ltd,964979.58,PENDING,Finance Controller
INV-50856,ABC Ltd,963982.0,APPROVED,Finance Controller
INV-50870,Falcon Tech,992083.44,REVIEW,Finance Controller
INV-50891,Falcon Tech,993803.61,PENDING,Finance Controller
INV-50894,XYZ Corp,983149.12,APPROVED,Finance Controller
INV-50899,Lotus Packaging,971066.8,APPROVED,Finance Controller
INV-50903,Global Office Mart,974378.38,PENDING,Finance Controller
INV-50911,Nova Inc,953334.0,PENDING,Finance Controller
INV-50945,Jupiter Steel,917187.95,PENDING,Finance Controller
INV-50964,Falcon Tech,960487.5,PENDING,Finance Controller
INV-50996,Bright Logistics,953313.8,APPROVED,Finance Controller
INV-51009,Bright Logistics,945125.0,REVIEW,Finance Controller
INV-51014,Jupiter Steel,986850.2,REVIEW,Finance Controller
INV-51035,Nova Inc,991729.2,PENDING,Finance Controller
INV-51040,Horizon Foods,961175.55,APPROVED,Finance Controller
INV-51053,Apex Supplies,957122.28,REVIEW,Finance Controller
INV-51054,Kaveri Chemicals,930017.66,PENDING,Finance Controller
INV-51073,Kaveri Chemicals,940401.2,PENDING,Finance Controller
INV-51088,XYZ Corp,948705.9,PENDING,Finance Controller
INV-51096,Apex Supplies,935921.3,PENDING,Finance Controller
INV-51097,Jupiter Steel,954922.55,PENDING,Finance Controller
INV-51111,Global Office Mart,992264.23,APPROVED,Finance Controller
INV-51112,Global Office Mart,955418.1,PENDING,Finance Controller
INV-51117,Apex Supplies,929510.2,PENDING,Finance Controller
INV-51124,Delta Ltd,947473.0,PENDING,Finance Controller
INV-51130,XYZ Corp,927424.91,REVIEW,Finance Controller
INV-51154,XYZ Corp,981485.6,PENDING,Finance Controller
INV-51167,Global Office Mart,969695.0,PENDING,Finance Controller
INV-51169,Jupiter Steel,926375.9,PENDING,Finance Controller
INV-51174,Apex Supplies,958864.0,APPROVED,Finance Controller
INV-51176,Horizon Foods,997494.2,PENDING,Finance Controller
INV-51207,Jupiter Steel,938126.1,PENDING,Finance Controller
INV-51212,ABC Ltd,910592.3,PENDING,Finance Controller
INV-51220,Delta Ltd,902147.27,REVIEW,Finance Controller
INV-51230,Apex Supplies,996446.8,PENDING,Finance Controller
INV-51239,Jupiter Steel,966261.1,PENDING,Finance Controller
INV-51259,Apex Supplies,963301.0,PENDING,Finance Controller
INV-51265,Global Office Mart,976351.9,PENDING,Finance Controller
INV-51285,Kaveri Chemicals,982904.8,PENDING,Finance Controller
INV-51289,Delta Ltd,923389.8,PENDING,Finance Controller
INV-51293,Global Office Mart,963648.0,REVIEW,Finance Controller
INV-51297,Jupiter Steel,910725.0,PENDING,Finance Controller
INV-51301,Nova Inc,947813.2,APPROVED,Finance Controller
INV-51317,Horizon Foods,974602.0,PENDING,Finance Controller
INV-51322,Kaveri Chemicals,960087.0,PENDING,Finance Controller
INV-51323,Delta Ltd,949311.1,PENDING,Finance Controller
INV-51337,Delta Ltd,941655.57,PENDING,Finance Controller
INV-51355,Apex Supplies,995253.6,PENDING,Finance Controller
INV-51358,XYZ Corp,938722.4,PENDING,Finance Controller
INV-51370,Lotus Packaging,910435.56,PENDING,Finance Controller
INV-51376,Jupiter Steel,987043.6,REVIEW,Finance Controller
INV-51380,Falcon Tech,996279.9,PENDING,Finance Controller
INV-51383,Horizon Foods,987262.4,APPROVED,Finance Controller
INV-51386,ABC Ltd,968263.0,PENDING,Finance Controller
INV-51388,Bright Logistics,988655.4,PENDING,Finance Controller
INV-51403,Bright Logistics,995333.0,PENDING,Finance Controller
INV-51412,Apex Supplies,918833.97,PENDING,Finance Controller
INV-51420,Indigo Print Works,979540.6,PENDING,Finance Controller
INV-51421,Apex Supplies,915511.36,APPROVED,Finance Controller
INV-51437,Kaveri Chemicals,928588.5,PENDING,Finance Controller
INV-51448,Kaveri Chemicals,948752.3,PENDING,Finance Controller
INV-51451,Lotus Packaging,944818.0,APPROVED,Finance Controller
INV-51452,Falcon Tech,912920.33,PENDING,Finance Controller
INV-51457,Global Office Mart,924383.61,APPROVED,Finance Controller
INV-51464,Kaveri Chemicals,964219.33,PENDING,Finance Controller
INV-51512,Apex Supplies,911965.0,PENDING,Finance Controller
INV-51519,Global Office Mart,903335.0,PENDING,Finance Controller
INV-51529,Kaveri Chemicals,991418.0,APPROVED,Finance Controller
INV-51532,ABC Ltd,925441.3,REVIEW,Finance Controller
INV-51572,Horizon Foods,919279.5,APPROVED,Finance Controller
INV-51583,Apex Supplies,920023.97,PENDING,Finance Controller
INV-51597,Kaveri Chemicals,907380.4,PENDING,Finance Controller
INV-51601,Jupiter Steel,932377.5,APPROVED,Finance Controller
INV-51603,Apex Supplies,951467.0,REVIEW,Finance Controller
INV-51607,Nova Inc,927504.39,PENDING,Finance Controller
INV-51611,XYZ Corp,927479.11,PENDING,Finance Controller
INV-51664,Indigo Print Works,931323.0,PENDING,Finance Controller
INV-51672,Kaveri Chemicals,994047.3,PENDING,Finance Controller
INV-51680,Falcon Tech,913437.7,PENDING,Finance Controller
INV-51682,Apex Supplies,965598.1,PENDING,Finance Controller
INV-51692,Jupiter Steel,956079.69,PENDING,Finance Controller
INV-51724,Lotus Packaging,992477.26,PENDING,Finance Controller
INV-51752,Delta Ltd,914574.5,PENDING,Finance Controller
INV-51754,Horizon Foods,926465.17,PENDING,Finance Controller
INV-51771,Horizon Foods,995746.0,REVIEW,Finance Controller
INV-51775,XYZ Corp,908556.2,PENDING,Finance Controller
INV-51778,Apex Supplies,982464.32,PENDING,Finance Controller
INV-51790,Nova Inc,918052.95,PENDING,Finance Controller
INV-51805,XYZ Corp,979366.0,APPROVED,Finance Controller
INV-51806,Jupiter Steel,980575.31,PENDING,Finance Controller
INV-51818,Bright Logistics,975956.0,PENDING,Finance Controller
INV-51820,Jupiter Steel,947179.8,PENDING,Finance Controller
INV-51833,Indigo Print Works,985733.0,PENDING,Finance Controller
INV-51843,Lotus Packaging,921182.55,PENDING,Finance Controller
INV-51887,Horizon Foods,921354.7,PENDING,Finance Controller
INV-51893,Kaveri Chemicals,970079.79,PENDING,Finance Controller
INV-51901,Apex Supplies,991921.4,PENDING,Finance Controller
INV-51908,XYZ Corp,976366.2,PENDING,Finance Controller
INV-51914,Nova Inc,966765.4,APPROVED,Finance Controller
INV-51917,Bright Logistics,910876.54,PENDING,Finance Controller
INV-51923,Nova Inc,985249.41,PENDING,Finance Controller
INV-51925,Falcon Tech,940083.75,APPROVED,Finance Controller
INV-51926,Kaveri Chemicals,986295.1,PENDING,Finance Controller
INV-51927,XYZ Corp,906017.55,PENDING,Finance Controller
INV-51952,ABC Ltd,968529.6,APPROVED,Finance Controller
INV-51964,Global Office Mart,952465.5,PENDING,Finance Controller
INV-51968,,958693.0,PENDING,Finance Controller
INV-51970,Falcon Tech,909349.0,PENDING,Finance Controller
INV-51993,Falcon Tech,923762.8,PENDING,Finance Controller
INV-51996,Nova Inc,958603.25,PENDING,Finance Controller
INV-51997,Falcon Tech,940201.31,PENDING,Finance Controller
INV-52000,Global Office Mart,973558.68,PENDING,Finance Controller
